date,project,points,results,run_time
2019-12-26,Africa Rainfall Project,124458,25,0:034:02:38:57
2019-12-29,Africa Rainfall Project,187416,38,0:047:22:04:10
2019-12-30,Africa Rainfall Project,187416,38,0:047:22:04:10
2019-12-31,Africa Rainfall Project,205407,42,0:051:04:24:40
2020-01-01,Africa Rainfall Project,223906,46,0:055:07:33:37
2020-01-02,Africa Rainfall Project,243951,51,0:059:03:30:55
2020-01-03,Africa Rainfall Project,243951,51,0:059:03:30:55
2020-01-04,Africa Rainfall Project,259141,54,0:061:23:51:25
2020-01-05,Africa Rainfall Project,282000,59,0:064:23:51:12
2020-01-06,Africa Rainfall Project,286598,60,0:065:15:57:40
2020-01-07,Africa Rainfall Project,298070,63,0:068:20:23:07
2020-01-08,Africa Rainfall Project,301857,64,0:069:22:56:25
2020-01-09,Africa Rainfall Project,312096,66,0:071:22:37:07
2020-01-10,Africa Rainfall Project,316268,67,0:072:19:57:50
2020-01-11,Africa Rainfall Project,320745,68,0:073:20:29:44
2020-01-12,Africa Rainfall Project,320745,68,0:073:20:29:44
2020-01-13,Africa Rainfall Project,330116,70,0:075:20:10:20
2020-01-14,Africa Rainfall Project,342529,72,0:077:09:31:26
2020-01-15,Africa Rainfall Project,346960,73,0:077:20:55:45
2020-01-16,Africa Rainfall Project,346960,73,0:077:20:55:45
2020-01-17,Africa Rainfall Project,358319,75,0:079:08:57:01
2020-01-18,Africa Rainfall Project,374470,78,0:082:00:44:58
2020-01-19,Africa Rainfall Project,383399,80,0:084:11:25:45
2020-01-20,Africa Rainfall Project,383399,80,0:084:11:25:45
2020-01-21,Africa Rainfall Project,393760,82,0:087:06:23:37
2020-01-22,Africa Rainfall Project,400675,84,0:089:00:49:54
2020-01-24,Africa Rainfall Project,400675,84,0:089:00:49:54
2020-01-25,Africa Rainfall Project,405679,85,0:090:01:30:41
2020-01-26,Africa Rainfall Project,417701,88,0:092:20:25:10
2020-01-27,Africa Rainfall Project,431017,91,0:095:07:14:01
2020-01-28,Africa Rainfall Project,435612,92,0:096:07:41:42
2020-01-29,Africa Rainfall Project,456002,96,0:099:08:16:02
2020-01-30,Africa Rainfall Project,456002,96,0:099:08:16:02
2020-01-31,Africa Rainfall Project,456002,96,0:099:08:16:02
2020-02-01,Africa Rainfall Project,460459,97,0:100:07:36:37
2020-02-02,Africa Rainfall Project,468728,99,0:101:21:21:27
2020-02-03,Africa Rainfall Project,505677,107,0:110:22:46:01
2020-02-04,Africa Rainfall Project,538936,114,0:116:07:05:16
2020-02-05,Africa Rainfall Project,552947,117,0:119:09:58:45
2020-02-06,Africa Rainfall Project,562485,119,0:120:21:21:55
2020-02-07,Africa Rainfall Project,571815,121,0:122:06:54:55
2020-02-09,Africa Rainfall Project,591265,126,0:127:10:49:32
2020-02-14,Africa Rainfall Project,679324,144,0:141:22:10:11
2020-02-16,Africa Rainfall Project,713019,151,0:148:14:10:09
2020-02-17,Africa Rainfall Project,727163,154,0:151:02:47:43
2020-02-18,Africa Rainfall Project,758589,161,0:156:20:36:00
2020-02-21,Africa Rainfall Project,822728,175,0:170:10:25:10
2020-02-23,Africa Rainfall Project,873350,186,0:180:18:05:54
2020-02-24,Africa Rainfall Project,895454,191,0:184:03:50:45
2020-02-27,Africa Rainfall Project,925583,198,0:189:16:18:27
2020-02-27,Africa Rainfall Project,948921,203,0:193:19:47:01
2020-02-29,Africa Rainfall Project,969169,207,0:197:20:00:34
2020-03-01,Africa Rainfall Project,1030215,221,0:209:19:36:29
2020-03-02,Africa Rainfall Project,1057812,227,0:215:01:31:03
2020-03-03,Africa Rainfall Project,1110568,238,0:224:03:06:55
2020-03-04,Africa Rainfall Project,1137461,244,0:230:04:50:14
2020-03-05,Africa Rainfall Project,1137461,244,0:230:04:50:14
2020-03-06,Africa Rainfall Project,1168697,251,0:236:21:20:20
2020-03-09,Africa Rainfall Project,1206249,260,0:244:00:29:53
2020-03-21,Africa Rainfall Project,1914964,415,1:042:23:46:21
2020-03-22,Africa Rainfall Project,2009569,437,1:065:06:42:13
2020-03-23,Africa Rainfall Project,2097583,458,1:084:02:43:47
2020-03-24,Africa Rainfall Project,2191921,480,1:112:10:53:48
2020-03-27,Africa Rainfall Project,2672975,590,1:220:18:03:45
2020-03-30,Africa Rainfall Project,3253606,716,1:352:19:12:47
2020-04-02,Africa Rainfall Project,3757643,823,2:104:00:55:07
2020-04-03,Africa Rainfall Project,3961110,866,2:156:09:20:19
2020-04-04,Africa Rainfall Project,3961110,866,2:156:09:20:19
2020-04-06,Africa Rainfall Project,4244121,925,2:233:18:21:59
2020-04-07,Africa Rainfall Project,4363399,950,2:267:02:50:31
2020-04-11,Africa Rainfall Project,4530248,985,2:312:02:37:04
2020-04-13,Africa Rainfall Project,4711829,1024,2:347:19:16:23
2020-04-15,Africa Rainfall Project,4966569,1073,3:034:21:52:12
2020-04-23,Africa Rainfall Project,5815763,1254,3:218:01:16:28
2020-04-26,Africa Rainfall Project,6215639,1341,3:310:06:19:34
2020-04-30,Africa Rainfall Project,6616312,1433,4:029:17:51:08
2020-05-06,Africa Rainfall Project,7731198,1686,4:263:04:03:29
2020-05-08,Africa Rainfall Project,8232299,1805,5:009:00:12:38
2020-05-10,Africa Rainfall Project,8385190,1841,5:039:22:33:08
2020-05-11,Africa Rainfall Project,8592371,1889,5:082:13:21:46
2020-05-12,Africa Rainfall Project,8819768,1943,5:128:22:16:41
2020-05-13,Africa Rainfall Project,9037118,1993,5:175:07:24:25
2020-05-14,Africa Rainfall Project,9257848,2044,5:216:07:26:34
2020-05-16,Africa Rainfall Project,9712522,2148,5:324:16:35:17
2020-05-17,Africa Rainfall Project,9938396,2199,6:006:17:44:13
2020-05-18,Africa Rainfall Project,10462892,2325,6:101:11:45:03
2020-05-21,Africa Rainfall Project,11541451,2578,6:320:00:31:33
2020-05-22,Africa Rainfall Project,11894934,2659,7:028:03:41:37
2020-05-23,Africa Rainfall Project,12293162,2755,7:119:15:52:47
2020-05-24,Africa Rainfall Project,12799441,2881,7:232:20:23:11
2020-05-25,Africa Rainfall Project,13190971,2974,7:317:05:11:46
2020-05-26,Africa Rainfall Project,13683817,3092,8:066:21:54:37
2020-05-28,Africa Rainfall Project,14671931,3323,8:278:00:39:12
2020-05-29,Africa Rainfall Project,15319851,3478,9:032:17:14:34
2020-05-30,Africa Rainfall Project,16224303,3689,9:205:10:45:45
2020-05-31,Africa Rainfall Project,16224303,3689,9:205:10:45:45
2020-06-01,Africa Rainfall Project,16703161,3802,9:298:22:57:36
2020-06-02,Africa Rainfall Project,17463799,3970,10:101:08:32:14
2020-06-03,Africa Rainfall Project,17463799,3970,10:101:08:32:14
2020-06-04,Africa Rainfall Project,17751083,4035,10:157:06:01:15
2020-06-05,Africa Rainfall Project,17925032,4071,10:195:10:32:49
2020-06-06,Africa Rainfall Project,18139442,4118,10:236:14:21:45
2020-06-07,Africa Rainfall Project,18390383,4174,10:287:07:28:02
2020-06-08,Africa Rainfall Project,18752842,4254,10:355:09:04:43
2020-06-09,Africa Rainfall Project,19163760,4343,11:069:20:55:20
2020-06-10,Africa Rainfall Project,19572132,4430,11:145:08:32:27
2020-06-11,Africa Rainfall Project,19939522,4511,11:220:06:22:26
2020-06-12,Africa Rainfall Project,20507562,4634,11:338:00:12:01
2020-06-13,Africa Rainfall Project,21231395,4796,12:118:07:00:36
2020-06-14,Africa Rainfall Project,21231395,4796,12:118:07:00:36
2020-06-15,Africa Rainfall Project,21384098,4828,12:154:21:08:34
2020-06-16,Africa Rainfall Project,21445161,4840,12:173:16:07:40
2020-06-17,Africa Rainfall Project,21598348,4872,12:209:04:16:32
2020-06-18,Africa Rainfall Project,21721719,4899,12:244:01:32:56
2020-06-19,Africa Rainfall Project,21970203,4955,12:309:12:05:07
2020-06-20,Africa Rainfall Project,22319839,5033,13:007:12:45:21
2020-06-21,Africa Rainfall Project,22649988,5107,13:071:03:38:08
2020-06-22,Africa Rainfall Project,23017646,5191,13:141:07:10:24
2020-06-23,Africa Rainfall Project,23379227,5270,13:211:21:16:32
2020-06-24,Africa Rainfall Project,23762416,5353,13:278:21:22:00
2020-06-25,Africa Rainfall Project,24092123,5423,13:350:23:41:26
2020-06-26,Africa Rainfall Project,24548217,5523,14:085:13:23:24
2020-06-27,Africa Rainfall Project,25292957,5688,14:247:09:40:20
2020-06-28,Africa Rainfall Project,25292957,5688,14:247:09:40:20
2020-06-29,Africa Rainfall Project,25596793,5758,14:303:00:00:22
2020-07-01,Africa Rainfall Project,26178826,5891,15:046:14:40:26
2020-07-03,Africa Rainfall Project,26769426,6027,15:151:23:38:47
2020-07-06,Africa Rainfall Project,28180519,6350,16:053:15:08:32
2020-07-08,Africa Rainfall Project,29493199,6659,16:305:22:01:09
2020-07-10,Africa Rainfall Project,30701197,6942,17:165:20:30:45
2020-08-28,Africa Rainfall Project,59319523,13566,31:328:03:26:51
2020-08-31,Africa Rainfall Project,63227165,14484,33:308:13:17:56
2020-09-04,Africa Rainfall Project,66541716,15265,35:168:11:56:39
2020-09-07,Africa Rainfall Project,69881646,16057,37:038:18:12:43
2019-12-26,Beta Testing,43717,115,0:010:02:30:17
2019-12-29,Beta Testing,43717,115,0:010:02:30:17
2019-12-30,Beta Testing,43717,115,0:010:02:30:17
2019-12-31,Beta Testing,43717,115,0:010:02:30:17
2020-01-01,Beta Testing,43717,115,0:010:02:30:17
2020-01-02,Beta Testing,43717,115,0:010:02:30:17
2020-01-03,Beta Testing,43717,115,0:010:02:30:17
2020-01-04,Beta Testing,43717,115,0:010:02:30:17
2020-01-05,Beta Testing,43717,115,0:010:02:30:17
2020-01-06,Beta Testing,43717,115,0:010:02:30:17
2020-01-07,Beta Testing,43717,115,0:010:02:30:17
2020-01-08,Beta Testing,43717,115,0:010:02:30:17
2020-01-09,Beta Testing,43717,115,0:010:02:30:17
2020-01-10,Beta Testing,43717,115,0:010:02:30:17
2020-01-11,Beta Testing,43717,115,0:010:02:30:17
2020-01-12,Beta Testing,43717,115,0:010:02:30:17
2020-01-13,Beta Testing,43717,115,0:010:02:30:17
2020-01-14,Beta Testing,44249,116,0:010:07:48:11
2020-01-15,Beta Testing,44249,116,0:010:07:48:11
2020-01-16,Beta Testing,44249,116,0:010:07:48:11
2020-01-17,Beta Testing,44249,116,0:010:07:48:11
2020-01-18,Beta Testing,44249,116,0:010:07:48:11
2020-01-19,Beta Testing,44249,116,0:010:07:48:11
2020-01-20,Beta Testing,44249,116,0:010:07:48:11
2020-01-21,Beta Testing,44249,116,0:010:07:48:11
2020-01-22,Beta Testing,44249,116,0:010:07:48:11
2020-01-24,Beta Testing,44249,116,0:010:07:48:11
2020-01-25,Beta Testing,44249,116,0:010:07:48:11
2020-01-26,Beta Testing,45431,121,0:011:00:28:13
2020-01-27,Beta Testing,45431,121,0:011:00:28:13
2020-01-28,Beta Testing,45431,121,0:011:00:28:13
2020-01-29,Beta Testing,45431,121,0:011:00:28:13
2020-01-30,Beta Testing,45431,121,0:011:00:28:13
2020-01-31,Beta Testing,45431,121,0:011:00:28:13
2020-02-01,Beta Testing,45431,121,0:011:00:28:13
2020-02-02,Beta Testing,45431,121,0:011:00:28:13
2020-02-03,Beta Testing,45431,121,0:011:00:28:13
2020-02-04,Beta Testing,45431,121,0:011:00:28:13
2020-02-05,Beta Testing,45431,121,0:011:00:28:13
2020-02-06,Beta Testing,45431,121,0:011:00:28:13
2020-02-07,Beta Testing,51073,126,0:013:00:53:11
2020-02-09,Beta Testing,55120,129,0:014:10:02:24
2020-02-14,Beta Testing,71071,137,0:017:16:16:36
2020-02-16,Beta Testing,71071,137,0:017:16:16:36
2020-02-17,Beta Testing,71071,137,0:017:16:16:36
2020-02-18,Beta Testing,71071,137,0:017:16:16:36
2020-02-21,Beta Testing,71071,137,0:017:16:16:36
2020-02-23,Beta Testing,71071,137,0:017:16:16:36
2020-02-24,Beta Testing,71071,137,0:017:16:16:36
2020-02-27,Beta Testing,71071,137,0:017:16:16:36
2020-02-29,Beta Testing,71071,137,0:017:16:16:36
2020-03-01,Beta Testing,71071,137,0:017:16:16:36
2020-03-02,Beta Testing,71071,137,0:017:16:16:36
2020-03-03,Beta Testing,71071,137,0:017:16:16:36
2020-03-04,Beta Testing,71071,137,0:017:16:16:36
2020-03-05,Beta Testing,71071,137,0:017:16:16:36
2020-03-06,Beta Testing,71071,137,0:017:16:16:36
2020-03-09,Beta Testing,71071,137,0:017:16:16:36
2020-03-21,Beta Testing,71071,137,0:017:16:16:36
2020-03-22,Beta Testing,71071,137,0:017:16:16:36
2020-03-23,Beta Testing,71071,137,0:017:16:16:36
2020-03-24,Beta Testing,71071,137,0:017:16:16:36
2020-03-27,Beta Testing,71071,137,0:017:16:16:36
2020-03-30,Beta Testing,71071,137,0:017:16:16:36
2020-04-02,Beta Testing,71071,137,0:017:16:16:36
2020-04-03,Beta Testing,71071,137,0:017:16:16:36
2020-04-04,Beta Testing,71071,137,0:017:16:16:36
2020-04-06,Beta Testing,71071,137,0:017:16:16:36
2020-04-07,Beta Testing,71071,137,0:017:16:16:36
2020-04-11,Beta Testing,71071,137,0:017:16:16:36
2020-04-13,Beta Testing,71071,137,0:017:16:16:36
2020-04-15,Beta Testing,71071,137,0:017:16:16:36
2020-04-23,Beta Testing,71071,137,0:017:16:16:36
2020-04-26,Beta Testing,91015,184,0:020:17:28:57
2020-04-30,Beta Testing,96410,190,0:021:17:38:34
2020-05-06,Beta Testing,103769,205,0:022:18:31:06
2020-05-08,Beta Testing,848005,1412,0:174:09:40:19
2020-05-10,Beta Testing,944990,1572,0:195:02:52:22
2020-05-11,Beta Testing,969403,1607,0:200:16:44:54
2020-05-12,Beta Testing,990251,1638,0:204:05:44:48
2020-05-13,Beta Testing,1009748,1663,0:209:07:27:05
2020-05-14,Beta Testing,1050258,1731,0:218:11:41:34
2020-05-16,Beta Testing,1051383,1733,0:218:17:49:28
2020-05-17,Beta Testing,1062187,1748,0:221:20:50:08
2020-05-18,Beta Testing,1062187,1748,0:221:20:50:08
2020-05-21,Beta Testing,1062187,1748,0:221:20:50:08
2020-05-22,Beta Testing,1062187,1748,0:221:20:50:08
2020-05-23,Beta Testing,1062187,1748,0:221:20:50:08
2020-05-24,Beta Testing,1062187,1748,0:221:20:50:08
2020-05-25,Beta Testing,1062187,1748,0:221:20:50:08
2020-05-26,Beta Testing,1062187,1748,0:221:20:50:08
2020-05-28,Beta Testing,1062187,1748,0:221:20:50:08
2020-05-29,Beta Testing,1062187,1748,0:221:20:50:08
2020-05-30,Beta Testing,1062187,1748,0:221:20:50:08
2020-05-31,Beta Testing,1062187,1748,0:221:20:50:08
2020-06-01,Beta Testing,1062187,1748,0:221:20:50:08
2020-06-02,Beta Testing,1062187,1748,0:221:20:50:08
2020-06-03,Beta Testing,1062187,1748,0:221:20:50:08
2020-06-04,Beta Testing,1062187,1748,0:221:20:50:08
2020-06-05,Beta Testing,1062187,1748,0:221:20:50:08
2020-06-06,Beta Testing,1062187,1748,0:221:20:50:08
2020-06-07,Beta Testing,1062187,1748,0:221:20:50:08
2020-06-08,Beta Testing,1062187,1748,0:221:20:50:08
2020-06-09,Beta Testing,1062187,1748,0:221:20:50:08
2020-06-10,Beta Testing,1062187,1748,0:221:20:50:08
2020-06-11,Beta Testing,1062187,1748,0:221:20:50:08
2020-06-12,Beta Testing,1062187,1748,0:221:20:50:08
2020-06-13,Beta Testing,1062187,1748,0:221:20:50:08
2020-06-14,Beta Testing,1062187,1748,0:221:20:50:08
2020-06-15,Beta Testing,1062187,1748,0:221:20:50:08
2020-06-16,Beta Testing,1062187,1748,0:221:20:50:08
2020-06-17,Beta Testing,1062187,1748,0:221:20:50:08
2020-06-18,Beta Testing,1062187,1748,0:221:20:50:08
2020-06-19,Beta Testing,1062187,1748,0:221:20:50:08
2020-06-20,Beta Testing,1062187,1748,0:221:20:50:08
2020-06-21,Beta Testing,1062187,1748,0:221:20:50:08
2020-06-22,Beta Testing,1062187,1748,0:221:20:50:08
2020-06-23,Beta Testing,1062187,1748,0:221:20:50:08
2020-06-24,Beta Testing,1062187,1748,0:221:20:50:08
2020-06-25,Beta Testing,1062187,1748,0:221:20:50:08
2020-06-26,Beta Testing,1062187,1748,0:221:20:50:08
2020-06-27,Beta Testing,1062187,1748,0:221:20:50:08
2020-06-28,Beta Testing,1062187,1748,0:221:20:50:08
2020-06-29,Beta Testing,1062187,1748,0:221:20:50:08
2020-07-01,Beta Testing,1062187,1748,0:221:20:50:08
2020-07-03,Beta Testing,1062187,1748,0:221:20:50:08
2020-07-06,Beta Testing,1062187,1748,0:221:20:50:08
2020-07-08,Beta Testing,1062187,1748,0:221:20:50:08
2020-07-10,Beta Testing,1074844,1772,0:224:11:15:44
2020-08-28,Beta Testing,1131652,1877,0:236:22:02:35
2020-08-31,Beta Testing,1131652,1877,0:236:22:02:35
2020-09-04,Beta Testing,1131652,1877,0:236:22:02:35
2020-09-07,Beta Testing,1131652,1877,0:236:22:02:35
2019-12-26,FightAIDS@Home - Phase 2,330602064,876757,241:247:17:45:20
2019-12-29,FightAIDS@Home - Phase 2,330660161,876813,241:264:15:05:45
2019-12-30,FightAIDS@Home - Phase 2,330660161,876813,241:264:15:05:45
2019-12-31,FightAIDS@Home - Phase 2,330663702,876817,241:265:16:25:40
2020-01-01,FightAIDS@Home - Phase 2,330668164,876822,241:267:15:21:49
2020-01-02,FightAIDS@Home - Phase 2,330675227,876828,241:269:05:44:54
2020-01-03,FightAIDS@Home - Phase 2,330675227,876828,241:269:05:44:54
2020-01-04,FightAIDS@Home - Phase 2,330676241,876829,241:269:08:21:50
2020-01-05,FightAIDS@Home - Phase 2,330718126,876865,241:280:21:02:01
2020-01-06,FightAIDS@Home - Phase 2,330721806,876869,241:281:15:50:33
2020-01-07,FightAIDS@Home - Phase 2,330765420,876907,241:293:06:36:49
2020-01-08,FightAIDS@Home - Phase 2,330790013,876929,241:300:07:25:31
2020-01-09,FightAIDS@Home - Phase 2,330791044,876930,241:300:12:07:25
2020-01-10,FightAIDS@Home - Phase 2,330791044,876930,241:300:12:07:25
2020-01-11,FightAIDS@Home - Phase 2,330794032,876931,241:301:07:17:19
2020-01-12,FightAIDS@Home - Phase 2,330794032,876931,241:301:07:17:19
2020-01-13,FightAIDS@Home - Phase 2,330794782,876932,241:301:10:34:27
2020-01-14,FightAIDS@Home - Phase 2,330797758,876933,241:302:05:31:11
2020-01-15,FightAIDS@Home - Phase 2,330797758,876933,241:302:05:31:11
2020-01-16,FightAIDS@Home - Phase 2,330797758,876933,241:302:05:31:11
2020-01-17,FightAIDS@Home - Phase 2,330797758,876933,241:302:05:31:11
2020-01-18,FightAIDS@Home - Phase 2,330800620,876936,241:302:17:17:56
2020-01-19,FightAIDS@Home - Phase 2,330804366,876940,241:303:20:38:54
2020-01-20,FightAIDS@Home - Phase 2,330804366,876940,241:303:20:38:54
2020-01-21,FightAIDS@Home - Phase 2,330811663,876947,241:306:06:32:54
2020-01-22,FightAIDS@Home - Phase 2,330814607,876950,241:307:02:17:38
2020-01-24,FightAIDS@Home - Phase 2,330817376,876953,241:307:17:58:24
2020-01-25,FightAIDS@Home - Phase 2,330824382,876961,241:309:14:38:45
2020-01-26,FightAIDS@Home - Phase 2,330832073,876967,241:311:09:34:03
2020-01-27,FightAIDS@Home - Phase 2,330837419,876971,241:312:10:40:40
2020-01-28,FightAIDS@Home - Phase 2,330845642,876979,241:314:03:59:43
2020-01-29,FightAIDS@Home - Phase 2,330851214,876984,241:315:19:29:40
2020-01-30,FightAIDS@Home - Phase 2,330853360,876986,241:316:08:34:55
2020-01-31,FightAIDS@Home - Phase 2,330853360,876986,241:316:08:34:55
2020-02-01,FightAIDS@Home - Phase 2,330855520,876988,241:317:01:21:42
2020-02-02,FightAIDS@Home - Phase 2,330860817,876993,241:318:08:05:04
2020-02-03,FightAIDS@Home - Phase 2,330870944,877003,241:320:13:47:37
2020-02-04,FightAIDS@Home - Phase 2,330894169,877024,241:326:19:40:25
2020-02-05,FightAIDS@Home - Phase 2,330902693,877032,241:329:00:30:19
2020-02-06,FightAIDS@Home - Phase 2,330927526,877054,241:335:10:28:23
2020-02-07,FightAIDS@Home - Phase 2,330935466,877061,241:336:21:51:28
2020-02-09,FightAIDS@Home - Phase 2,330941134,877066,241:338:00:44:29
2020-02-14,FightAIDS@Home - Phase 2,330965218,877086,241:342:19:38:30
2020-02-16,FightAIDS@Home - Phase 2,330980343,877100,241:346:10:05:32
2020-02-17,FightAIDS@Home - Phase 2,330984849,877104,241:348:16:53:44
2020-02-18,FightAIDS@Home - Phase 2,330990745,877110,241:350:02:04:42
2020-02-21,FightAIDS@Home - Phase 2,331028832,877145,241:360:13:12:17
2020-02-23,FightAIDS@Home - Phase 2,331063463,877177,242:005:00:25:46
2020-02-24,FightAIDS@Home - Phase 2,331086711,877199,242:010:22:38:38
2020-02-27,FightAIDS@Home - Phase 2,331120627,877229,242:019:16:27:22
2020-02-27,FightAIDS@Home - Phase 2,331131631,877240,242:022:07:16:48
2020-02-29,FightAIDS@Home - Phase 2,331142047,877249,242:025:01:40:13
2020-03-01,FightAIDS@Home - Phase 2,331155423,877262,242:028:02:31:39
2020-03-02,FightAIDS@Home - Phase 2,331188682,877291,242:037:00:09:31
2020-03-03,FightAIDS@Home - Phase 2,331196623,877298,242:038:20:00:43
2020-03-04,FightAIDS@Home - Phase 2,331205737,877306,242:041:04:13:08
2020-03-05,FightAIDS@Home - Phase 2,331205737,877306,242:041:04:13:08
2020-03-06,FightAIDS@Home - Phase 2,331211992,877312,242:042:08:42:43
2020-03-09,FightAIDS@Home - Phase 2,331228100,877327,242:045:17:40:03
2020-03-21,FightAIDS@Home - Phase 2,331573863,877661,242:127:07:58:22
2020-03-22,FightAIDS@Home - Phase 2,331580090,877667,242:128:08:46:20
2020-03-23,FightAIDS@Home - Phase 2,331632696,877716,242:142:19:27:17
2020-03-24,FightAIDS@Home - Phase 2,331658277,877740,242:149:05:16:20
2020-03-27,FightAIDS@Home - Phase 2,331730776,877806,242:168:16:57:41
2020-03-30,FightAIDS@Home - Phase 2,331812083,877885,242:190:02:35:45
2020-04-02,FightAIDS@Home - Phase 2,331867111,877940,242:206:07:31:39
2020-04-03,FightAIDS@Home - Phase 2,331881619,877954,242:209:16:16:06
2020-04-04,FightAIDS@Home - Phase 2,331881619,877954,242:209:16:16:06
2020-04-06,FightAIDS@Home - Phase 2,331933153,878001,242:224:11:03:02
2020-04-07,FightAIDS@Home - Phase 2,331960117,878024,242:231:04:05:08
2020-04-11,FightAIDS@Home - Phase 2,331999414,878061,242:240:23:37:23
2020-04-13,FightAIDS@Home - Phase 2,332038422,878094,242:250:11:39:04
2020-04-15,FightAIDS@Home - Phase 2,332103073,878148,242:263:09:52:53
2020-04-23,FightAIDS@Home - Phase 2,332219319,878265,242:290:04:54:38
2020-04-26,FightAIDS@Home - Phase 2,332354903,878386,242:320:23:06:51
2020-04-30,FightAIDS@Home - Phase 2,332428604,878453,242:335:20:13:46
2020-05-06,FightAIDS@Home - Phase 2,332514941,878537,242:354:13:46:52
2020-05-08,FightAIDS@Home - Phase 2,332605993,878613,243:011:14:51:05
2020-05-10,FightAIDS@Home - Phase 2,332610918,878618,243:013:00:33:50
2020-05-11,FightAIDS@Home - Phase 2,332675662,878680,243:031:18:36:56
2020-05-12,FightAIDS@Home - Phase 2,332689894,878693,243:035:08:37:27
2020-05-13,FightAIDS@Home - Phase 2,332702643,878704,243:038:03:23:02
2020-05-14,FightAIDS@Home - Phase 2,332715832,878718,243:041:21:33:34
2020-05-16,FightAIDS@Home - Phase 2,332797424,878796,243:063:11:26:46
2020-05-17,FightAIDS@Home - Phase 2,332840166,878833,243:073:06:20:04
2020-05-18,FightAIDS@Home - Phase 2,332872285,878864,243:080:22:04:32
2020-05-21,FightAIDS@Home - Phase 2,332940522,878932,243:097:18:41:32
2020-05-22,FightAIDS@Home - Phase 2,332966093,878958,243:103:09:31:38
2020-05-23,FightAIDS@Home - Phase 2,332985163,878977,243:108:13:16:22
2020-05-24,FightAIDS@Home - Phase 2,333001532,878992,243:112:11:22:43
2020-05-25,FightAIDS@Home - Phase 2,333026255,879014,243:118:05:59:54
2020-05-26,FightAIDS@Home - Phase 2,333051711,879036,243:123:02:37:44
2020-05-28,FightAIDS@Home - Phase 2,333083159,879066,243:130:19:18:19
2020-05-29,FightAIDS@Home - Phase 2,333100509,879083,243:134:12:52:48
2020-05-30,FightAIDS@Home - Phase 2,333143787,879123,243:144:18:56:20
2020-05-31,FightAIDS@Home - Phase 2,333143787,879123,243:144:18:56:20
2020-06-01,FightAIDS@Home - Phase 2,333166314,879143,243:150:02:39:14
2020-06-02,FightAIDS@Home - Phase 2,333210004,879183,243:160:09:38:17
2020-06-03,FightAIDS@Home - Phase 2,333210004,879183,243:160:09:38:17
2020-06-04,FightAIDS@Home - Phase 2,333224150,879195,243:163:11:54:05
2020-06-05,FightAIDS@Home - Phase 2,333241226,879211,243:167:22:43:23
2020-06-06,FightAIDS@Home - Phase 2,333252039,879221,243:170:20:51:56
2020-06-07,FightAIDS@Home - Phase 2,333268306,879236,243:174:04:48:00
2020-06-08,FightAIDS@Home - Phase 2,333283132,879250,243:177:12:17:46
2020-06-09,FightAIDS@Home - Phase 2,333302606,879269,243:181:23:50:25
2020-06-10,FightAIDS@Home - Phase 2,333322635,879286,243:186:21:28:06
2020-06-11,FightAIDS@Home - Phase 2,333335914,879298,243:190:01:00:07
2020-06-12,FightAIDS@Home - Phase 2,333370626,879332,243:200:03:32:11
2020-06-13,FightAIDS@Home - Phase 2,333430640,879386,243:216:17:43:36
2020-06-14,FightAIDS@Home - Phase 2,333430640,879386,243:216:17:43:36
2020-06-15,FightAIDS@Home - Phase 2,333452893,879406,243:221:05:41:02
2020-06-16,FightAIDS@Home - Phase 2,333461403,879414,243:223:11:02:08
2020-06-17,FightAIDS@Home - Phase 2,333464563,879416,243:223:20:54:30
2020-06-18,FightAIDS@Home - Phase 2,333485076,879435,243:228:00:56:54
2020-06-19,FightAIDS@Home - Phase 2,333506974,879456,243:233:14:46:17
2020-06-20,FightAIDS@Home - Phase 2,333541612,879488,243:243:02:03:02
2020-06-21,FightAIDS@Home - Phase 2,333569755,879515,243:250:02:38:21
2020-06-22,FightAIDS@Home - Phase 2,333594500,879539,243:256:08:25:37
2020-06-23,FightAIDS@Home - Phase 2,333620201,879563,243:261:23:53:05
2020-06-24,FightAIDS@Home - Phase 2,333633965,879574,243:264:10:57:11
2020-06-25,FightAIDS@Home - Phase 2,333656426,879595,243:270:09:03:24
2020-06-26,FightAIDS@Home - Phase 2,333666435,879604,243:272:19:48:54
2020-06-27,FightAIDS@Home - Phase 2,333685653,879621,243:277:21:18:49
2020-06-28,FightAIDS@Home - Phase 2,333685653,879621,243:277:21:18:49
2020-06-29,FightAIDS@Home - Phase 2,333686657,879622,243:278:01:03:25
2020-07-01,FightAIDS@Home - Phase 2,333686657,879622,243:278:01:03:25
2020-07-03,FightAIDS@Home - Phase 2,333686657,879622,243:278:01:03:25
2020-07-06,FightAIDS@Home - Phase 2,333686657,879622,243:278:01:03:25
2020-07-08,FightAIDS@Home - Phase 2,333686657,879622,243:278:01:03:25
2020-07-10,FightAIDS@Home - Phase 2,333686657,879622,243:278:01:03:25
2020-08-28,FightAIDS@Home - Phase 2,333686657,879622,243:278:01:03:25
2020-08-31,FightAIDS@Home - Phase 2,333686657,879622,243:278:01:03:25
2020-09-04,FightAIDS@Home - Phase 2,333686657,879622,243:278:01:03:25
2020-09-07,FightAIDS@Home - Phase 2,333686657,879622,243:278:01:03:25
2019-12-26,Help Stop TB,17487948,6490,11:034:08:59:15
2019-12-29,Help Stop TB,17513051,6498,11:039:21:38:22
2019-12-30,Help Stop TB,17513051,6498,11:039:21:38:22
2019-12-31,Help Stop TB,17518484,6500,11:040:22:56:46
2020-01-01,Help Stop TB,17518484,6500,11:040:22:56:46
2020-01-02,Help Stop TB,17527910,6503,11:042:19:49:28
2020-01-03,Help Stop TB,17527910,6503,11:042:19:49:28
2020-01-04,Help Stop TB,17527910,6503,11:042:19:49:28
2020-01-05,Help Stop TB,17539020,6507,11:044:16:22:34
2020-01-06,Help Stop TB,17542502,6508,11:045:08:01:27
2020-01-07,Help Stop TB,17545250,6509,11:045:15:11:41
2020-01-08,Help Stop TB,17547853,6510,11:046:00:28:32
2020-01-09,Help Stop TB,17562809,6515,11:048:16:55:16
2020-01-10,Help Stop TB,17575439,6519,11:051:10:21:14
2020-01-11,Help Stop TB,17584481,6522,11:052:22:22:46
2020-01-12,Help Stop TB,17609362,6530,11:058:18:07:26
2020-01-13,Help Stop TB,17635978,6539,11:063:15:15:22
2020-01-14,Help Stop TB,17635978,6539,11:063:15:15:22
2020-01-15,Help Stop TB,17639360,6540,11:064:15:12:16
2020-01-16,Help Stop TB,17639360,6540,11:064:15:12:16
2020-01-17,Help Stop TB,17647414,6543,11:066:01:01:50
2020-01-18,Help Stop TB,17647414,6543,11:066:01:01:50
2020-01-19,Help Stop TB,17650635,6544,11:066:10:27:08
2020-01-20,Help Stop TB,17650635,6544,11:066:10:27:08
2020-01-21,Help Stop TB,17653525,6545,11:067:06:12:13
2020-01-22,Help Stop TB,17665669,6549,11:070:01:39:46
2020-01-24,Help Stop TB,17668810,6550,11:071:00:44:58
2020-01-25,Help Stop TB,17668810,6550,11:071:00:44:58
2020-01-26,Help Stop TB,17672033,6551,11:071:13:19:25
2020-01-27,Help Stop TB,17674849,6552,11:071:22:06:26
2020-01-28,Help Stop TB,17683816,6555,11:074:10:23:23
2020-01-29,Help Stop TB,17687047,6556,11:075:09:20:19
2020-01-30,Help Stop TB,17687047,6556,11:075:09:20:19
2020-01-31,Help Stop TB,17687047,6556,11:075:09:20:19
2020-02-01,Help Stop TB,17690180,6557,11:077:10:22:38
2020-02-02,Help Stop TB,17690180,6557,11:077:10:22:38
2020-02-03,Help Stop TB,17705187,6562,11:080:02:03:22
2020-02-04,Help Stop TB,17708312,6563,11:080:14:17:51
2020-02-05,Help Stop TB,17711565,6564,11:081:08:39:51
2020-02-06,Help Stop TB,17736220,6572,11:084:19:25:24
2020-02-07,Help Stop TB,17745378,6575,11:085:23:36:37
2020-02-09,Help Stop TB,17755272,6578,11:088:09:18:46
2020-02-14,Help Stop TB,17779823,6586,11:092:06:03:57
2020-02-16,Help Stop TB,17782836,6587,11:093:04:21:23
2020-02-17,Help Stop TB,17785466,6588,11:093:16:41:24
2020-02-18,Help Stop TB,17797634,6592,11:096:19:43:30
2020-02-21,Help Stop TB,17813558,6597,11:099:20:01:28
2020-02-23,Help Stop TB,17813558,6597,11:099:20:01:28
2020-02-24,Help Stop TB,17819727,6599,11:101:07:58:22
2020-02-27,Help Stop TB,17839322,6605,11:104:21:00:02
2020-02-27,Help Stop TB,17846870,6607,11:105:18:03:47
2020-02-29,Help Stop TB,17846870,6607,11:105:18:03:47
2020-03-01,Help Stop TB,17866584,6613,11:108:22:09:16
2020-03-02,Help Stop TB,17873364,6615,11:110:07:07:19
2020-03-03,Help Stop TB,17882743,6618,11:112:12:51:06
2020-03-04,Help Stop TB,17882743,6618,11:112:12:51:06
2020-03-05,Help Stop TB,17882743,6618,11:112:12:51:06
2020-03-06,Help Stop TB,17882743,6618,11:112:12:51:06
2020-03-09,Help Stop TB,17902507,6624,11:116:19:51:20
2020-03-21,Help Stop TB,17994777,6654,11:133:17:40:35
2020-03-22,Help Stop TB,18010200,6659,11:136:19:35:24
2020-03-23,Help Stop TB,18014725,6660,11:137:05:39:06
2020-03-24,Help Stop TB,18026164,6664,11:139:07:51:58
2020-03-27,Help Stop TB,18044289,6670,11:143:09:50:40
2020-03-30,Help Stop TB,18060030,6675,11:146:03:34:22
2020-04-02,Help Stop TB,18081158,6683,11:150:23:49:34
2020-04-03,Help Stop TB,18087799,6685,11:152:08:33:39
2020-04-04,Help Stop TB,18087799,6685,11:152:08:33:39
2020-04-06,Help Stop TB,18101066,6689,11:154:17:02:16
2020-04-07,Help Stop TB,18116674,6694,11:158:08:27:30
2020-04-11,Help Stop TB,18129518,6699,11:162:03:39:17
2020-04-13,Help Stop TB,18138295,6702,11:164:00:59:09
2020-04-15,Help Stop TB,18141825,6703,11:164:15:39:35
2020-04-23,Help Stop TB,18182533,6717,11:172:08:39:09
2020-04-26,Help Stop TB,18218387,6729,11:179:20:07:50
2020-04-30,Help Stop TB,18227714,6732,11:181:06:18:24
2020-05-06,Help Stop TB,18260436,6743,11:187:08:03:44
2020-05-08,Help Stop TB,18267103,6745,11:188:15:58:09
2020-05-10,Help Stop TB,18269856,6746,11:189:07:47:41
2020-05-11,Help Stop TB,18283287,6750,11:192:02:55:11
2020-05-12,Help Stop TB,18289875,6752,11:193:00:10:01
2020-05-13,Help Stop TB,18297927,6755,11:194:04:19:52
2020-05-14,Help Stop TB,18308790,6758,11:196:00:54:26
2020-05-16,Help Stop TB,18312114,6759,11:196:17:47:03
2020-05-17,Help Stop TB,18321418,6762,11:198:12:05:42
2020-05-18,Help Stop TB,18326498,6764,11:199:08:19:29
2020-05-21,Help Stop TB,18355497,6773,11:205:03:27:59
2020-05-22,Help Stop TB,18358419,6774,11:205:14:00:03
2020-05-23,Help Stop TB,18358419,6774,11:205:14:00:03
2020-05-24,Help Stop TB,18368180,6777,11:207:12:05:11
2020-05-25,Help Stop TB,18374650,6779,11:208:14:21:45
2020-05-26,Help Stop TB,18374650,6779,11:208:14:21:45
2020-05-28,Help Stop TB,18393828,6785,11:211:21:53:19
2020-05-29,Help Stop TB,18399736,6787,11:213:07:37:17
2020-05-30,Help Stop TB,18426869,6796,11:219:10:45:27
2020-05-31,Help Stop TB,18426869,6796,11:219:10:45:27
2020-06-01,Help Stop TB,18441914,6801,11:222:07:19:26
2020-06-02,Help Stop TB,18448414,6803,11:223:08:12:25
2020-06-03,Help Stop TB,18448414,6803,11:223:08:12:25
2020-06-04,Help Stop TB,18451821,6804,11:224:11:51:02
2020-06-05,Help Stop TB,18454715,6805,11:225:01:04:59
2020-06-06,Help Stop TB,18461475,6807,11:226:09:09:43
2020-06-07,Help Stop TB,18464368,6808,11:227:00:30:06
2020-06-08,Help Stop TB,18477969,6812,11:229:13:00:36
2020-06-09,Help Stop TB,18493841,6817,11:232:18:03:38
2020-06-10,Help Stop TB,18493841,6817,11:232:18:03:38
2020-06-11,Help Stop TB,18495834,6818,11:233:11:32:54
2020-06-12,Help Stop TB,18495834,6818,11:233:11:32:54
2020-06-13,Help Stop TB,18516974,6825,11:237:20:32:49
2020-06-14,Help Stop TB,18516974,6825,11:237:20:32:49
2020-06-15,Help Stop TB,18522021,6827,11:238:23:42:38
2020-06-16,Help Stop TB,18530539,6830,11:240:23:07:20
2020-06-17,Help Stop TB,18530539,6830,11:240:23:07:20
2020-06-18,Help Stop TB,18533703,6831,11:241:09:36:42
2020-06-19,Help Stop TB,18536959,6832,11:241:18:56:30
2020-06-20,Help Stop TB,18546292,6835,11:243:04:51:21
2020-06-21,Help Stop TB,18553884,6838,11:244:21:15:00
2020-06-22,Help Stop TB,18569215,6843,11:248:14:03:04
2020-06-23,Help Stop TB,18575281,6845,11:249:15:05:30
2020-06-24,Help Stop TB,18584764,6848,11:251:17:57:37
2020-06-25,Help Stop TB,18593900,6851,11:253:14:35:32
2020-06-26,Help Stop TB,18618208,6859,11:259:04:16:02
2020-06-27,Help Stop TB,18633879,6864,11:262:03:11:02
2020-06-28,Help Stop TB,18633879,6864,11:262:03:11:02
2020-06-29,Help Stop TB,18633879,6864,11:262:03:11:02
2020-07-01,Help Stop TB,18643858,6867,11:263:23:04:15
2020-07-03,Help Stop TB,18655550,6871,11:266:09:25:42
2020-07-06,Help Stop TB,18679867,6879,11:272:21:34:09
2020-07-08,Help Stop TB,18704879,6888,11:278:15:22:08
2020-07-10,Help Stop TB,18711088,6890,11:279:14:57:45
2020-08-28,Help Stop TB,18818479,6927,11:303:01:48:59
2020-08-31,Help Stop TB,18831906,6933,11:306:10:02:56
2020-09-04,Help Stop TB,18850083,6940,11:310:01:50:53
2020-09-07,Help Stop TB,18856566,6942,11:315:03:10:35
2019-12-26,Mapping Cancer Markers,2535450736,3124676,1680:170:14:36:28
2019-12-29,Mapping Cancer Markers,2552293539,3146734,1691:318:14:54:59
2019-12-30,Mapping Cancer Markers,2552293539,3146734,1691:318:14:54:59
2019-12-31,Mapping Cancer Markers,2558870401,3154824,1696:152:09:21:05
2020-01-01,Mapping Cancer Markers,2565426898,3162870,1700:345:14:55:08
2020-01-02,Mapping Cancer Markers,2577398457,3177530,1708:304:00:12:47
2020-01-03,Mapping Cancer Markers,2577398457,3177530,1708:304:00:12:47
2020-01-04,Mapping Cancer Markers,2582924913,3184358,1712:103:17:23:49
2020-01-05,Mapping Cancer Markers,2588497520,3191064,1715:317:10:10:19
2020-01-06,Mapping Cancer Markers,2594117914,3197791,1719:202:13:17:09
2020-01-07,Mapping Cancer Markers,2599508933,3204278,1723:039:13:17:44
2020-01-08,Mapping Cancer Markers,2604853537,3210689,1726:221:07:03:39
2020-01-09,Mapping Cancer Markers,2610227077,3217127,1730:055:10:59:58
2020-01-10,Mapping Cancer Markers,2615405606,3223305,1733:243:17:35:31
2020-01-11,Mapping Cancer Markers,2620615523,3229777,1737:099:01:42:56
2020-01-12,Mapping Cancer Markers,2626401123,3237309,1741:108:17:34:25
2020-01-13,Mapping Cancer Markers,2639358490,3253597,1750:107:11:41:41
2020-01-14,Mapping Cancer Markers,2646119166,3261751,1754:322:07:50:33
2020-01-15,Mapping Cancer Markers,2652906372,3270035,1759:165:09:13:08
2020-01-16,Mapping Cancer Markers,2652906372,3270035,1759:165:09:13:08
2020-01-17,Mapping Cancer Markers,2667672369,3288302,1769:111:15:20:53
2020-01-18,Mapping Cancer Markers,2674933857,3297052,1774:072:01:02:54
2020-01-19,Mapping Cancer Markers,2682160954,3305737,1779:022:03:09:44
2020-01-20,Mapping Cancer Markers,2682160954,3305737,1779:022:03:09:44
2020-01-21,Mapping Cancer Markers,2696009716,3322363,1788:174:12:28:21
2020-01-22,Mapping Cancer Markers,2702763472,3330468,1793:000:22:07:35
2020-01-24,Mapping Cancer Markers,2709558222,3338727,1797:198:16:32:26
2020-01-25,Mapping Cancer Markers,2716299586,3346845,1802:003:09:11:04
2020-01-26,Mapping Cancer Markers,2729239773,3362302,1810:188:09:54:52
2020-01-27,Mapping Cancer Markers,2735838643,3370181,1814:297:06:08:47
2020-01-28,Mapping Cancer Markers,2742314732,3377918,1819:021:12:01:03
2020-01-29,Mapping Cancer Markers,2749054387,3385924,1823:172:03:18:53
2020-01-30,Mapping Cancer Markers,2755570153,3393661,1827:282:21:50:44
2020-01-31,Mapping Cancer Markers,2755570153,3393661,1827:282:21:50:44
2020-02-01,Mapping Cancer Markers,2762221726,3401569,1832:051:22:09:36
2020-02-02,Mapping Cancer Markers,2769493686,3410168,1836:334:07:46:31
2020-02-03,Mapping Cancer Markers,2783444603,3426746,1846:034:03:58:50
2020-02-04,Mapping Cancer Markers,2790075953,3434612,1850:185:02:34:50
2020-02-05,Mapping Cancer Markers,2796808101,3442598,1854:359:02:00:41
2020-02-06,Mapping Cancer Markers,2803899503,3451013,1859:229:06:06:17
2020-02-07,Mapping Cancer Markers,2810698088,3459101,1864:028:22:47:18
2020-02-09,Mapping Cancer Markers,2824070531,3475041,1872:336:10:12:34
2020-02-14,Mapping Cancer Markers,2850353982,3506398,1890:127:08:21:24
2020-02-16,Mapping Cancer Markers,2863901876,3522499,1899:051:10:08:24
2020-02-17,Mapping Cancer Markers,2870680216,3530543,1903:149:21:20:26
2020-02-18,Mapping Cancer Markers,2883826633,3546188,1911:302:14:36:19
2020-02-21,Mapping Cancer Markers,2896910494,3561685,1920:092:13:14:23
2020-02-23,Mapping Cancer Markers,2910723016,3578126,1929:084:00:47:02
2020-02-24,Mapping Cancer Markers,2924437647,3594426,1938:001:00:57:23
2020-02-27,Mapping Cancer Markers,2937868213,3610481,1946:216:14:57:33
2020-02-27,Mapping Cancer Markers,2944720683,3618659,1950:331:00:45:20
2020-02-29,Mapping Cancer Markers,2952173651,3627529,1955:228:06:08:18
2020-03-01,Mapping Cancer Markers,2966702755,3644812,1964:279:03:23:52
2020-03-02,Mapping Cancer Markers,2974183067,3653763,1969:174:10:07:42
2020-03-03,Mapping Cancer Markers,2981575941,3662618,1974:051:16:11:19
2020-03-04,Mapping Cancer Markers,2989028844,3671504,1978:292:09:03:59
2020-03-05,Mapping Cancer Markers,2989028844,3671504,1978:292:09:03:59
2020-03-06,Mapping Cancer Markers,2996435194,3680298,1983:148:19:03:27
2020-03-09,Mapping Cancer Markers,3018925442,3706915,1997:183:11:21:21
2020-03-21,Mapping Cancer Markers,3083636311,3796422,2040:147:23:48:33
2020-03-22,Mapping Cancer Markers,3088616177,3803737,2043:245:00:49:28
2020-03-23,Mapping Cancer Markers,3093777716,3811204,2047:013:03:42:05
2020-03-24,Mapping Cancer Markers,3098863471,3818462,2050:092:00:22:34
2020-03-27,Mapping Cancer Markers,3114156607,3840534,2060:048:02:33:36
2020-03-30,Mapping Cancer Markers,3133719551,3872396,2073:054:00:01:37
2020-04-02,Mapping Cancer Markers,3149301266,3896689,2083:141:17:23:54
2020-04-03,Mapping Cancer Markers,3154620233,3905033,2086:341:08:09:50
2020-04-04,Mapping Cancer Markers,3154620233,3905033,2086:341:08:09:50
2020-04-06,Mapping Cancer Markers,3165590990,3921857,2094:086:09:52:03
2020-04-07,Mapping Cancer Markers,3176573765,3938737,2101:227:16:16:38
2020-04-11,Mapping Cancer Markers,3194425424,3966437,2113:151:10:23:10
2020-04-13,Mapping Cancer Markers,3207024680,3985642,2121:227:13:57:13
2020-04-15,Mapping Cancer Markers,3220024168,4005882,2130:061:11:05:40
2020-04-23,Mapping Cancer Markers,3272401361,4086371,2163:362:02:30:41
2020-04-26,Mapping Cancer Markers,3300298554,4129141,2181:262:09:27:40
2020-04-30,Mapping Cancer Markers,3320181392,4159757,2194:148:16:08:29
2020-05-06,Mapping Cancer Markers,3360380910,4221511,2220:272:13:23:51
2020-05-08,Mapping Cancer Markers,3382130528,4254636,2234:340:19:36:05
2020-05-10,Mapping Cancer Markers,3389411668,4265877,2239:279:15:36:45
2020-05-11,Mapping Cancer Markers,3398405650,4279451,2245:222:09:47:59
2020-05-12,Mapping Cancer Markers,3407406717,4293312,2251:233:14:56:29
2020-05-13,Mapping Cancer Markers,3416717432,4307817,2257:341:16:51:57
2020-05-14,Mapping Cancer Markers,3426308974,4322698,2264:106:13:17:47
2020-05-16,Mapping Cancer Markers,3445335616,4352121,2277:071:21:27:04
2020-05-17,Mapping Cancer Markers,3452067022,4362593,2281:312:12:09:44
2020-05-18,Mapping Cancer Markers,3458104824,4371608,2286:027:01:33:51
2020-05-21,Mapping Cancer Markers,3479695436,4404896,2301:222:10:45:54
2020-05-22,Mapping Cancer Markers,3486632116,4416113,2306:169:03:10:35
2020-05-23,Mapping Cancer Markers,3493836450,4427556,2311:159:13:59:36
2020-05-24,Mapping Cancer Markers,3501244481,4438867,2316:167:15:09:30
2020-05-25,Mapping Cancer Markers,3508858759,4450752,2321:206:19:10:20
2020-05-26,Mapping Cancer Markers,3516466837,4462796,2326:244:04:14:09
2020-05-28,Mapping Cancer Markers,3531021316,4486294,2336:204:20:25:50
2020-05-29,Mapping Cancer Markers,3538449434,4497395,2341:202:20:04:17
2020-05-30,Mapping Cancer Markers,3553847943,4521068,2351:355:22:34:30
2020-05-31,Mapping Cancer Markers,3553847943,4521068,2351:355:22:34:30
2020-06-01,Mapping Cancer Markers,3561520841,4533293,2357:092:14:33:33
2020-06-02,Mapping Cancer Markers,3576780431,4556986,2367:207:04:22:22
2020-06-03,Mapping Cancer Markers,3576780431,4556986,2367:207:04:22:22
2020-06-04,Mapping Cancer Markers,3584230193,4568053,2372:267:21:51:35
2020-06-05,Mapping Cancer Markers,3591045538,4578756,2377:216:13:48:59
2020-06-06,Mapping Cancer Markers,3597816251,4589715,2382:118:18:04:22
2020-06-07,Mapping Cancer Markers,3604344115,4600103,2386:342:06:04:54
2020-06-08,Mapping Cancer Markers,3610738629,4610265,2391:162:05:37:40
2020-06-09,Mapping Cancer Markers,3617480076,4620333,2396:070:19:53:32
2020-06-10,Mapping Cancer Markers,3624233808,4630327,2400:360:08:00:07
2020-06-11,Mapping Cancer Markers,3630785386,4640336,2405:220:06:19:37
2020-06-12,Mapping Cancer Markers,3636955115,4650316,2410:014:16:24:08
2020-06-13,Mapping Cancer Markers,3649124157,4670618,2418:326:10:31:49
2020-06-14,Mapping Cancer Markers,3649124157,4670618,2418:326:10:31:49
2020-06-15,Mapping Cancer Markers,3655356921,4680026,2423:088:11:47:48
2020-06-16,Mapping Cancer Markers,3661666388,4689617,2427:271:22:37:45
2020-06-17,Mapping Cancer Markers,3668167601,4699821,2432:121:23:03:00
2020-06-18,Mapping Cancer Markers,3674739630,4710525,2436:357:05:36:13
2020-06-19,Mapping Cancer Markers,3680722982,4720041,2441:076:08:07:50
2020-06-20,Mapping Cancer Markers,3686592944,4729619,2445:162:16:32:07
2020-06-21,Mapping Cancer Markers,3692532186,4738818,2449:246:09:07:25
2020-06-22,Mapping Cancer Markers,3698498691,4747561,2453:347:02:44:33
2020-06-23,Mapping Cancer Markers,3704445553,4756621,2458:070:07:11:33
2020-06-24,Mapping Cancer Markers,3710472496,4766265,2462:187:23:18:44
2020-06-25,Mapping Cancer Markers,3716464268,4775898,2466:236:23:59:03
2020-06-26,Mapping Cancer Markers,3722264911,4785135,2470:259:14:22:43
2020-06-27,Mapping Cancer Markers,3734325168,4803763,2479:042:13:54:31
2020-06-28,Mapping Cancer Markers,3734325168,4803763,2479:042:13:54:31
2020-06-29,Mapping Cancer Markers,3740485875,4813015,2483:135:18:36:09
2020-07-01,Mapping Cancer Markers,3752928759,4832208,2491:326:20:18:48
2020-07-03,Mapping Cancer Markers,3764265382,4850774,2499:320:17:48:12
2020-07-06,Mapping Cancer Markers,3781091613,4876118,2511:230:13:37:52
2020-07-08,Mapping Cancer Markers,3791573860,4892519,2518:327:07:17:03
2020-07-10,Mapping Cancer Markers,3801223300,4908478,2525:302:15:35:40
2020-08-28,Mapping Cancer Markers,4052145990,5306615,2703:358:03:45:07
2020-08-31,Mapping Cancer Markers,4065561036,5327985,2713:273:04:53:08
2020-09-04,Mapping Cancer Markers,4079409414,5349720,2723:171:20:15:26
2020-09-07,Mapping Cancer Markers,4097384433,5378656,2735:246:04:13:14
2019-12-26,Microbiome Immunity Project,821088200,2123876,581:103:08:19:34
2019-12-29,Microbiome Immunity Project,824805056,2131454,584:238:04:21:32
2019-12-30,Microbiome Immunity Project,824805056,2131454,584:238:04:21:32
2019-12-31,Microbiome Immunity Project,825773736,2133452,585:204:20:53:51
2020-01-01,Microbiome Immunity Project,826731760,2135461,586:181:09:03:07
2020-01-02,Microbiome Immunity Project,828621478,2139460,588:123:16:41:24
2020-01-03,Microbiome Immunity Project,828621478,2139460,588:123:16:41:24
2020-01-04,Microbiome Immunity Project,829677859,2141642,589:133:05:10:26
2020-01-05,Microbiome Immunity Project,830760850,2143912,590:159:10:24:42
2020-01-06,Microbiome Immunity Project,831797138,2146125,591:155:09:44:00
2020-01-07,Microbiome Immunity Project,832865215,2148414,592:146:08:10:42
2020-01-08,Microbiome Immunity Project,833971001,2150754,593:135:06:23:26
2020-01-09,Microbiome Immunity Project,835253713,2153443,594:155:17:16:03
2020-01-10,Microbiome Immunity Project,836476318,2155986,595:137:20:11:13
2020-01-11,Microbiome Immunity Project,837623328,2158386,596:095:14:39:46
2020-01-12,Microbiome Immunity Project,838848123,2160982,597:070:10:41:24
2020-01-13,Microbiome Immunity Project,841134224,2165846,598:265:14:39:52
2020-01-14,Microbiome Immunity Project,842252255,2168220,599:167:19:55:38
2020-01-15,Microbiome Immunity Project,843382272,2170614,600:064:19:52:01
2020-01-16,Microbiome Immunity Project,843382272,2170614,600:064:19:52:01
2020-01-17,Microbiome Immunity Project,845529897,2175270,601:197:03:32:13
2020-01-18,Microbiome Immunity Project,846861264,2178101,602:151:15:07:54
2020-01-19,Microbiome Immunity Project,848108468,2180756,603:085:07:43:40
2020-01-20,Microbiome Immunity Project,848108468,2180756,603:085:07:43:40
2020-01-21,Microbiome Immunity Project,850423687,2185579,604:274:14:20:41
2020-01-22,Microbiome Immunity Project,851571013,2187975,605:186:03:33:57
2020-01-24,Microbiome Immunity Project,852631785,2190284,606:088:00:14:36
2020-01-25,Microbiome Immunity Project,853658287,2192475,606:328:14:47:49
2020-01-26,Microbiome Immunity Project,855625323,2196643,608:059:17:00:24
2020-01-27,Microbiome Immunity Project,856547807,2198627,608:262:09:09:35
2020-01-28,Microbiome Immunity Project,857549583,2200740,609:116:05:21:59
2020-01-29,Microbiome Immunity Project,858571526,2202857,609:345:18:39:17
2020-01-30,Microbiome Immunity Project,859556283,2204915,610:207:07:15:19
2020-01-31,Microbiome Immunity Project,859556283,2204915,610:207:07:15:19
2020-02-01,Microbiome Immunity Project,860483922,2206868,611:051:08:28:11
2020-02-02,Microbiome Immunity Project,861433647,2208904,611:259:03:04:55
2020-02-03,Microbiome Immunity Project,863327624,2212944,612:300:16:10:24
2020-02-04,Microbiome Immunity Project,864245014,2214888,613:120:08:56:46
2020-02-05,Microbiome Immunity Project,865171700,2216798,613:311:20:53:37
2020-02-06,Microbiome Immunity Project,866095331,2218738,614:137:12:34:50
2020-02-07,Microbiome Immunity Project,867091866,2220833,614:347:20:51:19
2020-02-09,Microbiome Immunity Project,868915340,2224657,615:356:11:54:38
2020-02-14,Microbiome Immunity Project,872670316,2232621,618:034:22:43:50
2020-02-16,Microbiome Immunity Project,874682658,2236845,619:089:16:00:19
2020-02-17,Microbiome Immunity Project,875639414,2238870,619:283:18:59:36
2020-02-18,Microbiome Immunity Project,877614721,2243039,620:320:23:59:07
2020-02-21,Microbiome Immunity Project,879474011,2247014,621:319:11:19:26
2020-02-23,Microbiome Immunity Project,881380054,2251030,622:323:20:32:46
2020-02-24,Microbiome Immunity Project,883481242,2255443,624:001:23:12:27
2020-02-27,Microbiome Immunity Project,885518838,2259794,625:028:05:06:16
2020-02-27,Microbiome Immunity Project,886556801,2261951,625:225:16:47:06
2020-02-29,Microbiome Immunity Project,887687873,2264334,626:076:08:23:56
2020-03-01,Microbiome Immunity Project,889650415,2269366,627:103:14:07:17
2020-03-02,Microbiome Immunity Project,890680962,2271808,627:301:04:07:33
2020-03-03,Microbiome Immunity Project,891789220,2274545,628:173:21:41:45
2020-03-04,Microbiome Immunity Project,892760998,2277018,628:364:07:11:59
2020-03-05,Microbiome Immunity Project,892760998,2277018,628:364:07:11:59
2020-03-06,Microbiome Immunity Project,893888634,2279729,629:210:09:49:58
2020-03-09,Microbiome Immunity Project,897106378,2287309,631:091:06:46:26
2020-03-21,Microbiome Immunity Project,909734790,2320134,638:069:02:08:22
2020-03-22,Microbiome Immunity Project,910784237,2322971,638:287:04:06:50
2020-03-23,Microbiome Immunity Project,911652013,2325279,639:080:13:05:34
2020-03-24,Microbiome Immunity Project,912608004,2327808,639:266:19:30:50
2020-03-27,Microbiome Immunity Project,915247431,2334867,641:050:23:43:37
2020-03-30,Microbiome Immunity Project,919695199,2346452,643:209:13:14:03
2020-04-02,Microbiome Immunity Project,923308124,2355865,645:235:06:24:03
2020-04-03,Microbiome Immunity Project,924413592,2358900,646:093:22:28:20
2020-04-04,Microbiome Immunity Project,924413592,2358900,646:093:22:28:20
2020-04-06,Microbiome Immunity Project,926640783,2364729,647:195:03:05:08
2020-04-07,Microbiome Immunity Project,928848568,2370859,648:302:10:38:38
2020-04-11,Microbiome Immunity Project,932565818,2380522,650:356:02:16:15
2020-04-13,Microbiome Immunity Project,934807798,2386748,652:099:14:26:13
2020-04-15,Microbiome Immunity Project,937189878,2393295,653:238:20:07:55
2020-04-23,Microbiome Immunity Project,946994265,2417363,658:270:09:03:12
2020-04-26,Microbiome Immunity Project,953581230,2431638,662:092:19:32:11
2020-04-30,Microbiome Immunity Project,958612435,2442625,664:340:23:23:36
2020-05-06,Microbiome Immunity Project,968067193,2463434,670:075:17:14:28
2020-05-08,Microbiome Immunity Project,973301723,2474916,673:085:05:19:13
2020-05-10,Microbiome Immunity Project,975170887,2479132,674:129:19:12:27
2020-05-11,Microbiome Immunity Project,977170093,2483630,675:227:14:30:38
2020-05-12,Microbiome Immunity Project,979315100,2488338,677:019:20:25:38
2020-05-13,Microbiome Immunity Project,981490950,2493171,678:169:02:57:57
2020-05-14,Microbiome Immunity Project,983704347,2498213,679:347:21:06:25
2020-05-16,Microbiome Immunity Project,987890602,2507423,682:298:15:25:53
2020-05-17,Microbiome Immunity Project,989499775,2510902,683:313:06:40:37
2020-05-18,Microbiome Immunity Project,990788995,2513739,684:254:06:03:47
2020-05-21,Microbiome Immunity Project,994688037,2522473,687:105:23:59:40
2020-05-22,Microbiome Immunity Project,996031934,2525527,688:069:07:00:10
2020-05-23,Microbiome Immunity Project,997392633,2528648,689:037:08:02:35
2020-05-24,Microbiome Immunity Project,998785594,2531725,690:003:06:47:55
2020-05-25,Microbiome Immunity Project,1000346709,2534766,690:363:22:59:18
2020-05-26,Microbiome Immunity Project,1001870981,2537880,692:003:06:32:52
2020-05-28,Microbiome Immunity Project,1004814793,2544199,693:360:11:40:26
2020-05-29,Microbiome Immunity Project,1006181695,2547249,694:329:04:11:02
2020-05-30,Microbiome Immunity Project,1008969512,2553677,696:276:22:23:53
2020-05-31,Microbiome Immunity Project,1008969512,2553677,696:276:22:23:53
2020-06-01,Microbiome Immunity Project,1010421459,2557063,697:267:17:25:12
2020-06-02,Microbiome Immunity Project,1013631252,2564109,699:284:06:21:39
2020-06-03,Microbiome Immunity Project,1013631252,2564109,699:284:06:21:39
2020-06-04,Microbiome Immunity Project,1015310051,2567749,700:302:06:37:28
2020-06-05,Microbiome Immunity Project,1017290402,2572003,702:036:18:39:36
2020-06-06,Microbiome Immunity Project,1019263372,2576202,703:130:04:44:28
2020-06-07,Microbiome Immunity Project,1021315784,2580753,704:251:02:22:00
2020-06-08,Microbiome Immunity Project,1023305159,2585125,705:364:05:39:45
2020-06-09,Microbiome Immunity Project,1025269077,2589299,707:093:06:03:54
2020-06-10,Microbiome Immunity Project,1027283398,2593671,708:184:09:49:51
2020-06-11,Microbiome Immunity Project,1029491959,2598389,709:356:12:50:56
2020-06-12,Microbiome Immunity Project,1031627070,2602915,711:138:03:57:52
2020-06-13,Microbiome Immunity Project,1035910205,2612025,714:037:02:18:16
2020-06-14,Microbiome Immunity Project,1035910205,2612025,714:037:02:18:16
2020-06-15,Microbiome Immunity Project,1037999415,2616512,715:174:09:43:03
2020-06-16,Microbiome Immunity Project,1039949764,2620750,716:264:07:06:27
2020-06-17,Microbiome Immunity Project,1042096908,2625214,718:035:11:12:51
2020-06-18,Microbiome Immunity Project,1044190709,2629695,719:168:02:27:57
2020-06-19,Microbiome Immunity Project,1046385334,2634323,720:318:12:11:41
2020-06-20,Microbiome Immunity Project,1048265455,2638471,722:031:06:55:21
2020-06-21,Microbiome Immunity Project,1050149389,2642545,723:118:21:48:31
2020-06-22,Microbiome Immunity Project,1052067803,2646747,724:223:23:01:03
2020-06-23,Microbiome Immunity Project,1054145060,2651206,726:018:13:26:25
2020-06-24,Microbiome Immunity Project,1056209675,2655649,727:150:00:36:31
2020-06-25,Microbiome Immunity Project,1058443012,2660404,728:324:15:42:38
2020-06-26,Microbiome Immunity Project,1060558632,2664932,730:111:11:59:04
2020-06-27,Microbiome Immunity Project,1064885062,2674076,733:085:19:11:19
2020-06-28,Microbiome Immunity Project,1064885062,2674076,733:085:19:11:19
2020-06-29,Microbiome Immunity Project,1066856823,2678263,734:225:10:11:44
2020-07-01,Microbiome Immunity Project,1071280744,2687361,737:238:11:25:59
2020-07-03,Microbiome Immunity Project,1075380763,2695695,740:169:15:48:31
2020-07-06,Microbiome Immunity Project,1080897867,2707432,744:060:16:48:08
2020-07-08,Microbiome Immunity Project,1084200568,2714266,746:234:18:57:01
2020-07-10,Microbiome Immunity Project,1087703239,2721483,749:073:10:47:40
2020-08-28,Microbiome Immunity Project,1175962300,2942039,816:183:10:32:16
2020-08-31,Microbiome Immunity Project,1181023030,2954577,820:117:01:53:39
2020-09-04,Microbiome Immunity Project,1186367533,2969019,824:104:01:51:07
2020-09-07,Microbiome Immunity Project,1193136501,2986771,829:003:03:28:18
2019-12-26,Outsmart Ebola Together,2103546549,1042938,875:162:15:37:34
2019-12-29,Outsmart Ebola Together,2103546549,1042938,875:162:15:37:34
2019-12-30,Outsmart Ebola Together,2103546549,1042938,875:162:15:37:34
2019-12-31,Outsmart Ebola Together,2103546549,1042938,875:162:15:37:34
2020-01-01,Outsmart Ebola Together,2103546549,1042938,875:162:15:37:34
2020-01-02,Outsmart Ebola Together,2103546549,1042938,875:162:15:37:34
2020-01-03,Outsmart Ebola Together,2103546549,1042938,875:162:15:37:34
2020-01-04,Outsmart Ebola Together,2103546549,1042938,875:162:15:37:34
2020-01-05,Outsmart Ebola Together,2103546549,1042938,875:162:15:37:34
2020-01-06,Outsmart Ebola Together,2103546549,1042938,875:162:15:37:34
2020-01-07,Outsmart Ebola Together,2103546549,1042938,875:162:15:37:34
2020-01-08,Outsmart Ebola Together,2103546549,1042938,875:162:15:37:34
2020-01-09,Outsmart Ebola Together,2103546549,1042938,875:162:15:37:34
2020-01-10,Outsmart Ebola Together,2103546549,1042938,875:162:15:37:34
2020-01-11,Outsmart Ebola Together,2103546549,1042938,875:162:15:37:34
2020-01-12,Outsmart Ebola Together,2103546549,1042938,875:162:15:37:34
2020-01-13,Outsmart Ebola Together,2103546549,1042938,875:162:15:37:34
2020-01-14,Outsmart Ebola Together,2103546549,1042938,875:162:15:37:34
2020-01-15,Outsmart Ebola Together,2103546549,1042938,875:162:15:37:34
2020-01-16,Outsmart Ebola Together,2103546549,1042938,875:162:15:37:34
2020-01-17,Outsmart Ebola Together,2103546549,1042938,875:162:15:37:34
2020-01-18,Outsmart Ebola Together,2103546549,1042938,875:162:15:37:34
2020-01-19,Outsmart Ebola Together,2103546549,1042938,875:162:15:37:34
2020-01-20,Outsmart Ebola Together,2103546549,1042938,875:162:15:37:34
2020-01-21,Outsmart Ebola Together,2103546549,1042938,875:162:15:37:34
2020-01-22,Outsmart Ebola Together,2103546549,1042938,875:162:15:37:34
2020-01-24,Outsmart Ebola Together,2103546549,1042938,875:162:15:37:34
2020-01-25,Outsmart Ebola Together,2103546549,1042938,875:162:15:37:34
2020-01-26,Outsmart Ebola Together,2103546549,1042938,875:162:15:37:34
2020-01-27,Outsmart Ebola Together,2103546549,1042938,875:162:15:37:34
2020-01-28,Outsmart Ebola Together,2103546549,1042938,875:162:15:37:34
2020-01-29,Outsmart Ebola Together,2103546549,1042938,875:162:15:37:34
2020-01-30,Outsmart Ebola Together,2103546549,1042938,875:162:15:37:34
2020-01-31,Outsmart Ebola Together,2103546549,1042938,875:162:15:37:34
2020-02-01,Outsmart Ebola Together,2103546549,1042938,875:162:15:37:34
2020-02-02,Outsmart Ebola Together,2103546549,1042938,875:162:15:37:34
2020-02-03,Outsmart Ebola Together,2103546549,1042938,875:162:15:37:34
2020-02-04,Outsmart Ebola Together,2103546549,1042938,875:162:15:37:34
2020-02-05,Outsmart Ebola Together,2103546549,1042938,875:162:15:37:34
2020-02-06,Outsmart Ebola Together,2103546549,1042938,875:162:15:37:34
2020-02-07,Outsmart Ebola Together,2103546549,1042938,875:162:15:37:34
2020-02-09,Outsmart Ebola Together,2103546549,1042938,875:162:15:37:34
2020-02-14,Outsmart Ebola Together,2103546549,1042938,875:162:15:37:34
2020-02-16,Outsmart Ebola Together,2103546549,1042938,875:162:15:37:34
2020-02-17,Outsmart Ebola Together,2103546549,1042938,875:162:15:37:34
2020-02-18,Outsmart Ebola Together,2103546549,1042938,875:162:15:37:34
2020-02-21,Outsmart Ebola Together,2103546549,1042938,875:162:15:37:34
2020-02-23,Outsmart Ebola Together,2103546549,1042938,875:162:15:37:34
2020-02-24,Outsmart Ebola Together,2103546549,1042938,875:162:15:37:34
2020-02-27,Outsmart Ebola Together,2103546549,1042938,875:162:15:37:34
2020-02-29,Outsmart Ebola Together,2103546549,1042938,875:162:15:37:34
2020-03-01,Outsmart Ebola Together,2103546549,1042938,875:162:15:37:34
2020-03-02,Outsmart Ebola Together,2103546549,1042938,875:162:15:37:34
2020-03-03,Outsmart Ebola Together,2103546549,1042938,875:162:15:37:34
2020-03-04,Outsmart Ebola Together,2103546549,1042938,875:162:15:37:34
2020-03-05,Outsmart Ebola Together,2103546549,1042938,875:162:15:37:34
2020-03-06,Outsmart Ebola Together,2103546549,1042938,875:162:15:37:34
2020-03-09,Outsmart Ebola Together,2103546549,1042938,875:162:15:37:34
2020-03-21,Outsmart Ebola Together,2103546549,1042938,875:162:15:37:34
2020-03-22,Outsmart Ebola Together,2103546549,1042938,875:162:15:37:34
2020-03-23,Outsmart Ebola Together,2103546549,1042938,875:162:15:37:34
2020-03-24,Outsmart Ebola Together,2103546549,1042938,875:162:15:37:34
2020-03-27,Outsmart Ebola Together,2103546549,1042938,875:162:15:37:34
2020-03-30,Outsmart Ebola Together,2103546549,1042938,875:162:15:37:34
2020-04-02,Outsmart Ebola Together,2103546549,1042938,875:162:15:37:34
2020-04-03,Outsmart Ebola Together,2103546549,1042938,875:162:15:37:34
2020-04-04,Outsmart Ebola Together,2103546549,1042938,875:162:15:37:34
2020-04-06,Outsmart Ebola Together,2103546549,1042938,875:162:15:37:34
2020-04-07,Outsmart Ebola Together,2103546549,1042938,875:162:15:37:34
2020-04-11,Outsmart Ebola Together,2103546549,1042938,875:162:15:37:34
2020-04-13,Outsmart Ebola Together,2103546549,1042938,875:162:15:37:34
2020-04-15,Outsmart Ebola Together,2103546549,1042938,875:162:15:37:34
2020-04-23,Outsmart Ebola Together,2103546549,1042938,875:162:15:37:34
2020-04-26,Outsmart Ebola Together,2103546549,1042938,875:162:15:37:34
2020-04-30,Outsmart Ebola Together,2103546549,1042938,875:162:15:37:34
2020-05-06,Outsmart Ebola Together,2103546549,1042938,875:162:15:37:34
2020-05-08,Outsmart Ebola Together,2103546549,1042938,875:162:15:37:34
2020-05-10,Outsmart Ebola Together,2103546549,1042938,875:162:15:37:34
2020-05-11,Outsmart Ebola Together,2103546549,1042938,875:162:15:37:34
2020-05-12,Outsmart Ebola Together,2103546549,1042938,875:162:15:37:34
2020-05-13,Outsmart Ebola Together,2103546549,1042938,875:162:15:37:34
2020-05-14,Outsmart Ebola Together,2103546549,1042938,875:162:15:37:34
2020-05-16,Outsmart Ebola Together,2103546549,1042938,875:162:15:37:34
2020-05-17,Outsmart Ebola Together,2103546549,1042938,875:162:15:37:34
2020-05-18,Outsmart Ebola Together,2103546549,1042938,875:162:15:37:34
2020-05-21,Outsmart Ebola Together,2103546549,1042938,875:162:15:37:34
2020-05-22,Outsmart Ebola Together,2103546549,1042938,875:162:15:37:34
2020-05-23,Outsmart Ebola Together,2103546549,1042938,875:162:15:37:34
2020-05-24,Outsmart Ebola Together,2103546549,1042938,875:162:15:37:34
2020-05-25,Outsmart Ebola Together,2103546549,1042938,875:162:15:37:34
2020-05-26,Outsmart Ebola Together,2103546549,1042938,875:162:15:37:34
2020-05-28,Outsmart Ebola Together,2103546549,1042938,875:162:15:37:34
2020-05-29,Outsmart Ebola Together,2103546549,1042938,875:162:15:37:34
2020-05-30,Outsmart Ebola Together,2103546549,1042938,875:162:15:37:34
2020-05-31,Outsmart Ebola Together,2103546549,1042938,875:162:15:37:34
2020-06-01,Outsmart Ebola Together,2103546549,1042938,875:162:15:37:34
2020-06-02,Outsmart Ebola Together,2103546549,1042938,875:162:15:37:34
2020-06-03,Outsmart Ebola Together,2103546549,1042938,875:162:15:37:34
2020-06-04,Outsmart Ebola Together,2103546549,1042938,875:162:15:37:34
2020-06-05,Outsmart Ebola Together,2103546549,1042938,875:162:15:37:34
2020-06-06,Outsmart Ebola Together,2103546549,1042938,875:162:15:37:34
2020-06-07,Outsmart Ebola Together,2103546549,1042938,875:162:15:37:34
2020-06-08,Outsmart Ebola Together,2103546549,1042938,875:162:15:37:34
2020-06-09,Outsmart Ebola Together,2103546549,1042938,875:162:15:37:34
2020-06-10,Outsmart Ebola Together,2103546549,1042938,875:162:15:37:34
2020-06-11,Outsmart Ebola Together,2103546549,1042938,875:162:15:37:34
2020-06-12,Outsmart Ebola Together,2103546549,1042938,875:162:15:37:34
2020-06-13,Outsmart Ebola Together,2103546549,1042938,875:162:15:37:34
2020-06-14,Outsmart Ebola Together,2103546549,1042938,875:162:15:37:34
2020-06-15,Outsmart Ebola Together,2103546549,1042938,875:162:15:37:34
2020-06-16,Outsmart Ebola Together,2103546549,1042938,875:162:15:37:34
2020-06-17,Outsmart Ebola Together,2103546549,1042938,875:162:15:37:34
2020-06-18,Outsmart Ebola Together,2103546549,1042938,875:162:15:37:34
2020-06-19,Outsmart Ebola Together,2103546549,1042938,875:162:15:37:34
2020-06-20,Outsmart Ebola Together,2103546549,1042938,875:162:15:37:34
2020-06-21,Outsmart Ebola Together,2103546549,1042938,875:162:15:37:34
2020-06-22,Outsmart Ebola Together,2103546549,1042938,875:162:15:37:34
2020-06-23,Outsmart Ebola Together,2103546549,1042938,875:162:15:37:34
2020-06-24,Outsmart Ebola Together,2103546549,1042938,875:162:15:37:34
2020-06-25,Outsmart Ebola Together,2103546549,1042938,875:162:15:37:34
2020-06-26,Outsmart Ebola Together,2103546549,1042938,875:162:15:37:34
2020-06-27,Outsmart Ebola Together,2103546549,1042938,875:162:15:37:34
2020-06-28,Outsmart Ebola Together,2103546549,1042938,875:162:15:37:34
2020-06-29,Outsmart Ebola Together,2103546549,1042938,875:162:15:37:34
2020-07-01,Outsmart Ebola Together,2103546549,1042938,875:162:15:37:34
2020-07-03,Outsmart Ebola Together,2103546549,1042938,875:162:15:37:34
2020-07-06,Outsmart Ebola Together,2103546549,1042938,875:162:15:37:34
2020-07-08,Outsmart Ebola Together,2103546549,1042938,875:162:15:37:34
2020-07-10,Outsmart Ebola Together,2103546549,1042938,875:162:15:37:34
2020-08-28,Outsmart Ebola Together,2103546549,1042938,875:162:15:37:34
2020-08-31,Outsmart Ebola Together,2103546549,1042938,875:162:15:37:34
2020-09-04,Outsmart Ebola Together,2103546549,1042938,875:162:15:37:34
2020-09-07,Outsmart Ebola Together,2103546549,1042938,875:162:15:37:34
2019-12-26,OpenZika,3872793976,6577018,1182:183:17:08:52
2019-12-29,OpenZika,3872793976,6577018,1182:183:17:08:52
2019-12-30,OpenZika,3872793976,6577018,1182:183:17:08:52
2019-12-31,OpenZika,3872793976,6577018,1182:183:17:08:52
2020-01-01,OpenZika,3872793976,6577018,1182:183:17:08:52
2020-01-02,OpenZika,3872793976,6577018,1182:183:17:08:52
2020-01-03,OpenZika,3872793976,6577018,1182:183:17:08:52
2020-01-04,OpenZika,3872793976,6577018,1182:183:17:08:52
2020-01-05,OpenZika,3872793976,6577018,1182:183:17:08:52
2020-01-06,OpenZika,3872793976,6577018,1182:183:17:08:52
2020-01-07,OpenZika,3872793976,6577018,1182:183:17:08:52
2020-01-08,OpenZika,3872793976,6577018,1182:183:17:08:52
2020-01-09,OpenZika,3872793976,6577018,1182:183:17:08:52
2020-01-10,OpenZika,3872793976,6577018,1182:183:17:08:52
2020-01-11,OpenZika,3872793976,6577018,1182:183:17:08:52
2020-01-12,OpenZika,3872793976,6577018,1182:183:17:08:52
2020-01-13,OpenZika,3872793976,6577018,1182:183:17:08:52
2020-01-14,OpenZika,3872793976,6577018,1182:183:17:08:52
2020-01-15,OpenZika,3872793976,6577018,1182:183:17:08:52
2020-01-16,OpenZika,3872793976,6577018,1182:183:17:08:52
2020-01-17,OpenZika,3872793976,6577018,1182:183:17:08:52
2020-01-18,OpenZika,3872793976,6577018,1182:183:17:08:52
2020-01-19,OpenZika,3872793976,6577018,1182:183:17:08:52
2020-01-20,OpenZika,3872793976,6577018,1182:183:17:08:52
2020-01-21,OpenZika,3872793976,6577018,1182:183:17:08:52
2020-01-22,OpenZika,3872793976,6577018,1182:183:17:08:52
2020-01-24,OpenZika,3872793976,6577018,1182:183:17:08:52
2020-01-25,OpenZika,3872793976,6577018,1182:183:17:08:52
2020-01-26,OpenZika,3872793976,6577018,1182:183:17:08:52
2020-01-27,OpenZika,3872793976,6577018,1182:183:17:08:52
2020-01-28,OpenZika,3872793976,6577018,1182:183:17:08:52
2020-01-29,OpenZika,3872793976,6577018,1182:183:17:08:52
2020-01-30,OpenZika,3872793976,6577018,1182:183:17:08:52
2020-01-31,OpenZika,3872793976,6577018,1182:183:17:08:52
2020-02-01,OpenZika,3872793976,6577018,1182:183:17:08:52
2020-02-02,OpenZika,3872793976,6577018,1182:183:17:08:52
2020-02-03,OpenZika,3872793976,6577018,1182:183:17:08:52
2020-02-04,OpenZika,3872793976,6577018,1182:183:17:08:52
2020-02-05,OpenZika,3872793976,6577018,1182:183:17:08:52
2020-02-06,OpenZika,3872793976,6577018,1182:183:17:08:52
2020-02-07,OpenZika,3872793976,6577018,1182:183:17:08:52
2020-02-09,OpenZika,3872793976,6577018,1182:183:17:08:52
2020-02-14,OpenZika,3872793976,6577018,1182:183:17:08:52
2020-02-16,OpenZika,3872793976,6577018,1182:183:17:08:52
2020-02-17,OpenZika,3872793976,6577018,1182:183:17:08:52
2020-02-18,OpenZika,3872793976,6577018,1182:183:17:08:52
2020-02-21,OpenZika,3872793976,6577018,1182:183:17:08:52
2020-02-23,OpenZika,3872793976,6577018,1182:183:17:08:52
2020-02-24,OpenZika,3872793976,6577018,1182:183:17:08:52
2020-02-27,OpenZika,3872793976,6577018,1182:183:17:08:52
2020-02-29,OpenZika,3872793976,6577018,1182:183:17:08:52
2020-03-01,OpenZika,3872793976,6577018,1182:183:17:08:52
2020-03-02,OpenZika,3872793976,6577018,1182:183:17:08:52
2020-03-03,OpenZika,3872793976,6577018,1182:183:17:08:52
2020-03-04,OpenZika,3872793976,6577018,1182:183:17:08:52
2020-03-05,OpenZika,3872793976,6577018,1182:183:17:08:52
2020-03-06,OpenZika,3872793976,6577018,1182:183:17:08:52
2020-03-09,OpenZika,3872793976,6577018,1182:183:17:08:52
2020-03-21,OpenZika,3872793976,6577018,1182:183:17:08:52
2020-03-22,OpenZika,3872793976,6577018,1182:183:17:08:52
2020-03-23,OpenZika,3872793976,6577018,1182:183:17:08:52
2020-03-24,OpenZika,3872793976,6577018,1182:183:17:08:52
2020-03-27,OpenZika,3872793976,6577018,1182:183:17:08:52
2020-03-30,OpenZika,3872793976,6577018,1182:183:17:08:52
2020-04-02,OpenZika,3872793976,6577018,1182:183:17:08:52
2020-04-03,OpenZika,3872793976,6577018,1182:183:17:08:52
2020-04-04,OpenZika,3872793976,6577018,1182:183:17:08:52
2020-04-06,OpenZika,3872793976,6577018,1182:183:17:08:52
2020-04-07,OpenZika,3872793976,6577018,1182:183:17:08:52
2020-04-11,OpenZika,3872793976,6577018,1182:183:17:08:52
2020-04-13,OpenZika,3872793976,6577018,1182:183:17:08:52
2020-04-15,OpenZika,3872793976,6577018,1182:183:17:08:52
2020-04-23,OpenZika,3872793976,6577018,1182:183:17:08:52
2020-04-26,OpenZika,3872793976,6577018,1182:183:17:08:52
2020-04-30,OpenZika,3872793976,6577018,1182:183:17:08:52
2020-05-06,OpenZika,3872793976,6577018,1182:183:17:08:52
2020-05-08,OpenZika,3872793976,6577018,1182:183:17:08:52
2020-05-10,OpenZika,3872793976,6577018,1182:183:17:08:52
2020-05-11,OpenZika,3872793976,6577018,1182:183:17:08:52
2020-05-12,OpenZika,3872793976,6577018,1182:183:17:08:52
2020-05-13,OpenZika,3872793976,6577018,1182:183:17:08:52
2020-05-14,OpenZika,3872793976,6577018,1182:183:17:08:52
2020-05-16,OpenZika,3872793976,6577018,1182:183:17:08:52
2020-05-17,OpenZika,3872793976,6577018,1182:183:17:08:52
2020-05-18,OpenZika,3872793976,6577018,1182:183:17:08:52
2020-05-21,OpenZika,3872793976,6577018,1182:183:17:08:52
2020-05-22,OpenZika,3872793976,6577018,1182:183:17:08:52
2020-05-23,OpenZika,3872793976,6577018,1182:183:17:08:52
2020-05-24,OpenZika,3872793976,6577018,1182:183:17:08:52
2020-05-25,OpenZika,3872793976,6577018,1182:183:17:08:52
2020-05-26,OpenZika,3872793976,6577018,1182:183:17:08:52
2020-05-28,OpenZika,3872793976,6577018,1182:183:17:08:52
2020-05-29,OpenZika,3872793976,6577018,1182:183:17:08:52
2020-05-30,OpenZika,3872793976,6577018,1182:183:17:08:52
2020-05-31,OpenZika,3872793976,6577018,1182:183:17:08:52
2020-06-01,OpenZika,3872793976,6577018,1182:183:17:08:52
2020-06-02,OpenZika,3872793976,6577018,1182:183:17:08:52
2020-06-03,OpenZika,3872793976,6577018,1182:183:17:08:52
2020-06-04,OpenZika,3872793976,6577018,1182:183:17:08:52
2020-06-05,OpenZika,3872793976,6577018,1182:183:17:08:52
2020-06-06,OpenZika,3872793976,6577018,1182:183:17:08:52
2020-06-07,OpenZika,3872793976,6577018,1182:183:17:08:52
2020-06-08,OpenZika,3872793976,6577018,1182:183:17:08:52
2020-06-09,OpenZika,3872793976,6577018,1182:183:17:08:52
2020-06-10,OpenZika,3872793976,6577018,1182:183:17:08:52
2020-06-11,OpenZika,3872793976,6577018,1182:183:17:08:52
2020-06-12,OpenZika,3872793976,6577018,1182:183:17:08:52
2020-06-13,OpenZika,3872793976,6577018,1182:183:17:08:52
2020-06-14,OpenZika,3872793976,6577018,1182:183:17:08:52
2020-06-15,OpenZika,3872793976,6577018,1182:183:17:08:52
2020-06-16,OpenZika,3872793976,6577018,1182:183:17:08:52
2020-06-17,OpenZika,3872793976,6577018,1182:183:17:08:52
2020-06-18,OpenZika,3872793976,6577018,1182:183:17:08:52
2020-06-19,OpenZika,3872793976,6577018,1182:183:17:08:52
2020-06-20,OpenZika,3872793976,6577018,1182:183:17:08:52
2020-06-21,OpenZika,3872793976,6577018,1182:183:17:08:52
2020-06-22,OpenZika,3872793976,6577018,1182:183:17:08:52
2020-06-23,OpenZika,3872793976,6577018,1182:183:17:08:52
2020-06-24,OpenZika,3872793976,6577018,1182:183:17:08:52
2020-06-25,OpenZika,3872793976,6577018,1182:183:17:08:52
2020-06-26,OpenZika,3872793976,6577018,1182:183:17:08:52
2020-06-27,OpenZika,3872793976,6577018,1182:183:17:08:52
2020-06-28,OpenZika,3872793976,6577018,1182:183:17:08:52
2020-06-29,OpenZika,3872793976,6577018,1182:183:17:08:52
2020-07-01,OpenZika,3872793976,6577018,1182:183:17:08:52
2020-07-03,OpenZika,3872793976,6577018,1182:183:17:08:52
2020-07-06,OpenZika,3872793976,6577018,1182:183:17:08:52
2020-07-08,OpenZika,3872793976,6577018,1182:183:17:08:52
2020-07-10,OpenZika,3872793976,6577018,1182:183:17:08:52
2020-08-28,OpenZika,3872793976,6577018,1182:183:17:08:52
2020-08-31,OpenZika,3872793976,6577018,1182:183:17:08:52
2020-09-04,OpenZika,3872793976,6577018,1182:183:17:08:52
2020-09-07,OpenZika,3872793976,6577018,1182:183:17:08:52
2019-12-26,Smash Childhood Cancer,132697838,489410,93:292:19:20:20
2019-12-29,Smash Childhood Cancer,132697838,489410,93:292:19:20:20
2019-12-30,Smash Childhood Cancer,132697838,489410,93:292:19:20:20
2019-12-31,Smash Childhood Cancer,132697838,489410,93:292:19:20:20
2020-01-01,Smash Childhood Cancer,132697838,489410,93:292:19:20:20
2020-01-02,Smash Childhood Cancer,132697838,489410,93:292:19:20:20
2020-01-03,Smash Childhood Cancer,132697838,489410,93:292:19:20:20
2020-01-04,Smash Childhood Cancer,132697838,489410,93:292:19:20:20
2020-01-05,Smash Childhood Cancer,132697838,489410,93:292:19:20:20
2020-01-06,Smash Childhood Cancer,132697838,489410,93:292:19:20:20
2020-01-07,Smash Childhood Cancer,132697838,489410,93:292:19:20:20
2020-01-08,Smash Childhood Cancer,132697838,489410,93:292:19:20:20
2020-01-09,Smash Childhood Cancer,132697838,489410,93:292:19:20:20
2020-01-10,Smash Childhood Cancer,132697838,489410,93:292:19:20:20
2020-01-11,Smash Childhood Cancer,132697838,489410,93:292:19:20:20
2020-01-12,Smash Childhood Cancer,132697838,489410,93:292:19:20:20
2020-01-13,Smash Childhood Cancer,132697838,489410,93:292:19:20:20
2020-01-14,Smash Childhood Cancer,132697838,489410,93:292:19:20:20
2020-01-15,Smash Childhood Cancer,132697838,489410,93:292:19:20:20
2020-01-16,Smash Childhood Cancer,132697838,489410,93:292:19:20:20
2020-01-17,Smash Childhood Cancer,132697838,489410,93:292:19:20:20
2020-01-18,Smash Childhood Cancer,132697838,489410,93:292:19:20:20
2020-01-19,Smash Childhood Cancer,132697838,489410,93:292:19:20:20
2020-01-20,Smash Childhood Cancer,132697838,489410,93:292:19:20:20
2020-01-21,Smash Childhood Cancer,132697838,489410,93:292:19:20:20
2020-01-22,Smash Childhood Cancer,132697838,489410,93:292:19:20:20
2020-01-24,Smash Childhood Cancer,132697838,489410,93:292:19:20:20
2020-01-25,Smash Childhood Cancer,132697838,489410,93:292:19:20:20
2020-01-26,Smash Childhood Cancer,132697838,489410,93:292:19:20:20
2020-01-27,Smash Childhood Cancer,132697838,489410,93:292:19:20:20
2020-01-28,Smash Childhood Cancer,132697838,489410,93:292:19:20:20
2020-01-29,Smash Childhood Cancer,132697838,489410,93:292:19:20:20
2020-01-30,Smash Childhood Cancer,132697838,489410,93:292:19:20:20
2020-01-31,Smash Childhood Cancer,132697838,489410,93:292:19:20:20
2020-02-01,Smash Childhood Cancer,132697838,489410,93:292:19:20:20
2020-02-02,Smash Childhood Cancer,132697838,489410,93:292:19:20:20
2020-02-03,Smash Childhood Cancer,132697838,489410,93:292:19:20:20
2020-02-04,Smash Childhood Cancer,132697838,489410,93:292:19:20:20
2020-02-05,Smash Childhood Cancer,132697838,489410,93:292:19:20:20
2020-02-06,Smash Childhood Cancer,132697838,489410,93:292:19:20:20
2020-02-07,Smash Childhood Cancer,132697838,489410,93:292:19:20:20
2020-02-09,Smash Childhood Cancer,132697838,489410,93:292:19:20:20
2020-02-14,Smash Childhood Cancer,132697838,489410,93:292:19:20:20
2020-02-16,Smash Childhood Cancer,132697838,489410,93:292:19:20:20
2020-02-17,Smash Childhood Cancer,132697838,489410,93:292:19:20:20
2020-02-18,Smash Childhood Cancer,132697838,489410,93:292:19:20:20
2020-02-21,Smash Childhood Cancer,132697838,489410,93:292:19:20:20
2020-02-23,Smash Childhood Cancer,132697838,489410,93:292:19:20:20
2020-02-24,Smash Childhood Cancer,132697838,489410,93:292:19:20:20
2020-02-27,Smash Childhood Cancer,132697838,489410,93:292:19:20:20
2020-02-29,Smash Childhood Cancer,132697838,489410,93:292:19:20:20
2020-03-01,Smash Childhood Cancer,132697838,489410,93:292:19:20:20
2020-03-02,Smash Childhood Cancer,132697838,489410,93:292:19:20:20
2020-03-03,Smash Childhood Cancer,132697838,489410,93:292:19:20:20
2020-03-04,Smash Childhood Cancer,132697838,489410,93:292:19:20:20
2020-03-05,Smash Childhood Cancer,132697838,489410,93:292:19:20:20
2020-03-06,Smash Childhood Cancer,132697838,489410,93:292:19:20:20
2020-03-09,Smash Childhood Cancer,132697838,489410,93:292:19:20:20
2020-03-21,Smash Childhood Cancer,167323460,605144,109:156:08:45:24
2020-03-22,Smash Childhood Cancer,171001417,616863,111:005:06:53:40
2020-03-23,Smash Childhood Cancer,174524105,628295,112:202:12:43:57
2020-03-24,Smash Childhood Cancer,177987504,639413,114:009:07:49:02
2020-03-27,Smash Childhood Cancer,189061092,675121,118:289:13:51:08
2020-03-30,Smash Childhood Cancer,203641815,724905,125:136:13:00:04
2020-04-02,Smash Childhood Cancer,215759534,763872,130:044:09:04:06
2020-04-03,Smash Childhood Cancer,219590137,774972,131:249:12:06:23
2020-04-04,Smash Childhood Cancer,219590137,774972,131:249:12:06:23
2020-04-06,Smash Childhood Cancer,227097522,797214,134:358:22:55:57
2020-04-07,Smash Childhood Cancer,234123834,819389,138:135:18:55:20
2020-04-11,Smash Childhood Cancer,246352676,858446,143:294:11:35:39
2020-04-13,Smash Childhood Cancer,255033135,885863,147:185:00:33:38
2020-04-15,Smash Childhood Cancer,264548462,915568,151:190:03:14:30
2020-04-23,Smash Childhood Cancer,303660092,1041508,168:338:05:11:25
2020-04-26,Smash Childhood Cancer,326628349,1123089,178:154:20:36:23
2020-04-30,Smash Childhood Cancer,344002797,1183962,185:275:10:22:38
2020-05-06,Smash Childhood Cancer,378427735,1302417,200:174:07:41:16
2020-05-08,Smash Childhood Cancer,393003484,1354812,206:302:11:48:36
2020-05-10,Smash Childhood Cancer,396071060,1365414,208:018:09:05:54
2020-05-11,Smash Childhood Cancer,396440877,1366641,208:083:00:37:17
2020-05-12,Smash Childhood Cancer,396758372,1367670,208:142:12:32:55
2020-05-13,Smash Childhood Cancer,396981159,1368399,208:186:20:53:33
2020-05-14,Smash Childhood Cancer,397125477,1368866,208:215:16:51:07
2020-05-16,Smash Childhood Cancer,398065766,1372025,208:357:22:04:38
2020-05-17,Smash Childhood Cancer,398414895,1373193,209:046:00:41:35
2020-05-18,Smash Childhood Cancer,398438912,1373278,209:049:22:12:02
2020-05-21,Smash Childhood Cancer,398462026,1373346,209:053:11:18:44
2020-05-22,Smash Childhood Cancer,398462342,1373347,209:053:12:25:05
2020-05-23,Smash Childhood Cancer,398462577,1373348,209:053:13:42:23
2020-05-24,Smash Childhood Cancer,398462577,1373348,209:053:13:42:23
2020-05-25,Smash Childhood Cancer,398462577,1373348,209:053:13:42:23
2020-05-26,Smash Childhood Cancer,398462577,1373348,209:053:13:42:23
2020-05-28,Smash Childhood Cancer,398462577,1373348,209:053:13:42:23
2020-05-29,Smash Childhood Cancer,398462577,1373348,209:053:13:42:23
2020-05-30,Smash Childhood Cancer,398462577,1373348,209:053:13:42:23
2020-05-31,Smash Childhood Cancer,398462577,1373348,209:053:13:42:23
2020-06-01,Smash Childhood Cancer,398462577,1373348,209:053:13:42:23
2020-06-02,Smash Childhood Cancer,398462577,1373348,209:053:13:42:23
2020-06-03,Smash Childhood Cancer,398462577,1373348,209:053:13:42:23
2020-06-04,Smash Childhood Cancer,398462577,1373348,209:053:13:42:23
2020-06-05,Smash Childhood Cancer,398462577,1373348,209:053:13:42:23
2020-06-06,Smash Childhood Cancer,398462577,1373348,209:053:13:42:23
2020-06-07,Smash Childhood Cancer,398462577,1373348,209:053:13:42:23
2020-06-08,Smash Childhood Cancer,398462577,1373348,209:053:13:42:23
2020-06-09,Smash Childhood Cancer,398462577,1373348,209:053:13:42:23
2020-06-10,Smash Childhood Cancer,398462577,1373348,209:053:13:42:23
2020-06-11,Smash Childhood Cancer,398462577,1373348,209:053:13:42:23
2020-06-12,Smash Childhood Cancer,398462577,1373348,209:053:13:42:23
2020-06-13,Smash Childhood Cancer,398462577,1373348,209:053:13:42:23
2020-06-14,Smash Childhood Cancer,398462577,1373348,209:053:13:42:23
2020-06-15,Smash Childhood Cancer,398462577,1373348,209:053:13:42:23
2020-06-16,Smash Childhood Cancer,398462577,1373348,209:053:13:42:23
2020-06-17,Smash Childhood Cancer,398462577,1373348,209:053:13:42:23
2020-06-18,Smash Childhood Cancer,398462577,1373348,209:053:13:42:23
2020-06-19,Smash Childhood Cancer,398462577,1373348,209:053:13:42:23
2020-06-20,Smash Childhood Cancer,398462577,1373348,209:053:13:42:23
2020-06-21,Smash Childhood Cancer,398462577,1373348,209:053:13:42:23
2020-06-22,Smash Childhood Cancer,398462577,1373348,209:053:13:42:23
2020-06-23,Smash Childhood Cancer,398462577,1373348,209:053:13:42:23
2020-06-24,Smash Childhood Cancer,398462577,1373348,209:053:13:42:23
2020-06-25,Smash Childhood Cancer,398462577,1373348,209:053:13:42:23
2020-06-26,Smash Childhood Cancer,398462577,1373348,209:053:13:42:23
2020-06-27,Smash Childhood Cancer,398462577,1373348,209:053:13:42:23
2020-06-28,Smash Childhood Cancer,398462577,1373348,209:053:13:42:23
2020-06-29,Smash Childhood Cancer,398462577,1373348,209:053:13:42:23
2020-07-01,Smash Childhood Cancer,398462577,1373348,209:053:13:42:23
2020-07-03,Smash Childhood Cancer,398462577,1373348,209:053:13:42:23
2020-07-06,Smash Childhood Cancer,398462577,1373348,209:053:13:42:23
2020-07-08,Smash Childhood Cancer,398462577,1373348,209:053:13:42:23
2020-07-10,Smash Childhood Cancer,398462577,1373348,209:053:13:42:23
2020-08-28,Smash Childhood Cancer,398462577,1373348,209:053:13:42:23
2020-08-31,Smash Childhood Cancer,398462577,1373348,209:053:13:42:23
2020-09-04,Smash Childhood Cancer,398462577,1373348,209:053:13:42:23
2020-09-07,Smash Childhood Cancer,398462577,1373348,209:053:13:42:23
