height,time,tx0,tx1,tx2,tx3
height,time,tx0
181035,1583660034,ba27869f402344120d1fb0347bc7dc2b2c41c1cc4e3777e1eed1a6d16ad0c711,d29e922399759ce8cc5706ece699eaf71a487af4ea9e6f506a6de79f60ff9109,bcead1be82cb88ed6ced54dc2c9a55adfe8f8f4c7013be45c1557591808b37fa,b9d98d4bc96f9f3076a01f9d50e9eab7b8e088a114d871d1bbcdc7897a370203
180830,1583577558,231f4bb5bb991dfe67b6a2763dd3214ce2963f122879acf1636106c81e85901d
180625,1583494989,49d58b1b36fe65ccec2375469e8e6eea2b585c9c2f2870418f4445dd2b2c24d8
180420,1583411815,14f8d6d28e6d980202d69ad376ef82809753a5648b7e76e6c34e485ad39a742e
180215,1583328191,a0bce19f4364d629a86f30f55c510692a2b6124a396c25beb993b813918e0072
180010,1583245784,fa29e545b355d39f78c0d2f2854e022e6121070ba2e2c5d70dfd926f9fadc4f1
179805,1583162326,1fe3e879d0d48da37d5d0050a32ddfb645fbdfea02dc86d5fe42ca85891d90c7
179600,1583080171,0cf1648d618299411296d75a020940b5a97779082b87f72d143e817be9560b37
179395,1582997011,7c5bd0e47b95684d4078833e24458c4dd08d1bff5fe37d0d1314c2c52804d309
179190,1582914932,130a8c8b2b15d352c74ac57f3a4c4de49fb091c9fef34368b7fa00f4de0cefc3
178985,1582831928,aa6bd9762425c5c1da884f4d04a8ad513bdbf93d811b46ad851a9f590cfb6033
178780,1582748680,fb29fa4a38ed8ff234ba5f7a37691f2615710c4099bb1028bf2e2c94fe8ce93b
178575,1582665672,49b646521040579eed32a270178a56a88d518531831e2496f2316e92a80ab222
178370,1582581609,16725f0772e8fa183af47d18dff7c9331ef48f62e0027b1064bb586a853b1195
178165,1582498383,e9cbe23dba51496a72e149f33440abbe505fd06a9558f2994cc0d0c9ec36ff90
177960,1582415626,76101382858f165a31cb10a4895a1eda19a9935f6a1bef26b20a34f78f671ce9
177755,1582332775,ece8d6be96ff92fe8947da1d7e4aea5dbcbb4e2bb0cb7c9e8cad799826f5dd04
177550,1582249683,fc82c0780a4d8f223d7845ca1f3f193588ebddd05581066b3c99bfec218bd775
177345,1582166312,f87dd970f2682a346584397ba50ae635bff76ce5b87067808bffdab8fa44ca24
177140,1582083844,b3095fff0c53b84b6ec91de0786a2c195d2a0b49cfd4398688585f38a290dbb0
176935,1582000498,99d4674d6d9ca36e16bdafec8ea7b240401fb58c5916ac67af21feea55c3318a
176730,1581917533,8d1629dd3638d3a24daf2864b27aadb019e3f844a9bf97f3e46973842024c6c0
176525,1581834302,0009eecc7bd27de612748983a77cbf4f8ad936bb74907fc1e74a9aca5ff4663a
176320,1581751817,ef44b82ca7ba13a9aab40796797467a37e9fb7d7b4784fdb7f2bfa46fdea714f
176115,1581669404,b34cf9c22abd3122e408f2d1f8a90b314dd65132dc3a51c0e5df4a7217841dcf
175910,1581586142,dc62fefe4266e28ea7fe54ec06a4ccb92ebf4e13fbd1be212a0ba90c1700dbf8
175705,1581502887,773d15c3e49d225c36716523290cb489137867782c539a9d3e0c6926744d6ea5
175500,1581418995,70b01b13d4bed791cb3428fe058243b02231b0f4c4fa30afd1e3a8eb7da32590
175295,1581335775,f9df12fc670aba43c2bdfbe82a7ffa94705b97c31fc19d4daf343d98d1542bfb
175090,1581252620,5dd815ae67e7af88135367cfe80ccc7f19be72f1ba0774f6b54e86d58a8f5910
174885,1581170347,2fc792a0eca96ea114c7999a449ddbc7bb0e14a59f3f2987971e4ac06db15ba7
174680,1581086677,b1b3b71d37260eefa0375a09d7cacaba15c27b5284ef96929da67fef6f3726c0
174475,1581005153,075930e754e1765beaae152c5937acf5755ddfefd8c07b2388e0f4a3100f8ca6
174270,1580921790,8cc878fd1ccbc3ca24da6060246cb34c4482fb98cb59de76e2b07ac16a80e877
174065,1580838471,5fb404c009179938b497cebb086863629650bc05c3e7c2aa348ef109ff7833bb
173860,1580754927,9020cdcb06293203ae722573e5c61f525f3e5da0d567ff31bd51e4b78926f9bb
173655,1580673213,26aaaf3a7a60c7a96fb3131ab199cde6f9e01db4fde2645777e96df5eefa8eec
173450,1580590182,3f28d8e2c06e70a6110bd02dd3243460c62bdd3c07cffadc6cc1f00e32dee9b7
173245,1580506473,0841a3066395229b7c0b2aae6b06f35c57a0df6ddc602ed5919a2c155f783ede
173040,1580422924,0103980a7f154a78d5b12d2de8754e25fc0acbff6384a4d3b5a567413676e35a
172835,1580340384,c3476bf3da028584a389028c55e07b91c57be1dd0cb35d7520250f4a79009846
172630,1580256355,5bbc42a924d4834efa6b9a0e4d0d67bed920267a5ca4942b91cf67c8469eadd2
172425,1580173466,6c42531d8041255613a465ddb36ac6f57c5c2639460e19377948510b36eb88d3
172220,1580090293,53a80e9197f2f5c87e79a524b3f26697ebe6f0c624da05829f3b61efcb84edfe
172015,1580007737,457504d155c5628eb8ea3a79826c8fb139f2753f5b64cfcac42cb929b7300d96
171810,1579925002,b18cb51481c2c66194aff1017b7463693dc4a343b0a71cc4982edd572740e4d9
171605,1579842454,7f65b0905964f0660e5a2164029ca0c309c5ae4c939af6152f82409071e4881b
171400,1579759316,b96e7d6c043da6c5280f6eae723e0f68aa0fc05cfd55a5077a4dec97f29e5719
171195,1579676798,4338c12cdaf4808947fb71948e9f3b7fbe137ee6b239be32f94564d059d67adf
170990,1579594946,93dd0585f0e429ea61dee4afbf80641d622dcbb712af75b2234319c64bbb3ce1
170785,1579497889,2e4b4a526e75fcde1ccf6041b1042f8d6985450e887ca0b26739f145eb365a7e
170580,1579411556,e501ecc2b488c437489865c95b057c91340c0c56399f6cdec36cdae4a58db58a
170375,1579323319,ce4e33fc065a056986919d383f664b037e71c095873be4bb2a215dec4f6096c3
170170,1579236682,a8d0c6d5dfb94a94d6dd1e1cca160c3481e395595f4cb12524b9054592bde584
169965,1579153169,8e0196a1d8570ab2dd2fa1554afb52c7344e9f9b15bfcde1f4b4913569ada58a
169760,1579061691,e14f75816d1b2bfbf2a2311d74946eb3f99dc2f338fe488bf371c5fd3b794594
169555,1578972963,2bb8ea35a62a60f261be3859402d489f96b27a1774ab36757a591ce4a76ddda7
169350,1578879536,6bee9253f9f5a91c676c8aaa98a2a01ff87a3bd738627fadef25743c98a5df6e
169145,1578789851,7c9c13eb0a7ae68ad91b6cd56c4705d2b5489f3e579ef518166ba85855d18d39
168940,1578697697,c595235089245b33ebf541e0e29e7e83a391db28b0a9b2eae7a573ea08635325
168735,1578609464,315cb0f20da4d854fb4140bb80abca0cc57aac702ce3d1064714d6179c2c3014
168530,1578521722,797429ee1b2aea3b6da04052a2b2063671e9c852d5f807937905b7f7c306eea6
168325,1578432567,fd3fdb41af302bafc4ed230ddef9ca611b9e653751c59bc824cc6e74e24e6c9f
168120,1578342061,65f008c815737e36c16e27874f81e2099e6aad861917cee2b6cd226ee2c602a2
167915,1578254235,31287ca380e76cbf4378b5fb55148a5bf7d899b57c1cd0a4df792cddbadc79ea
167710,1578167766,b8f2588d4eaea8572ba8bfdb549c3223518ac57d4111f1e73cf344d0265332ad
167505,1578077705,fe53c67c62f28ae363d23c5bd0c5c1f639418e579e72c5b9fc92c0b9ebe2c197
167300,1577991883,cb0edc668a02028223de8356bc5d2a0ba608b6603b3fecbf062bb639969bc1e0
167095,1577897041,51612ea49369218c924b7155d7fb6ba1cb984381bf396d7ac4437b17b38eaeb3
166890,1577810472,af0186e1586e9272f059029bc29f353588d07878654882339ca3919239da284d
166685,1577721353,54f77074e117f8718fbca0aa985a5b4ff7287a9226aadde892710631718f19c7
166480,1577632147,0088f9b2e0f70431cbcf4545371bfd7d7a154e0744218d39d925fee4f7722c4d
166275,1577545633,24e3d644dc66ca78479cff11b298779fb69959bb45d1d28b6fae0a2b6db65f92
166070,1577459397,578dd70f9a0aef1aa6e5380fdac91e9e4dae38a9f3f906298ed8e2a0efa5f005
165865,1577367301,c2ff9bded809786c6b3a22e8eaaf663373854bd325cad2e73abca2039270be28
165660,1577277553,bbaabbe708e6feb6d3bbd17a3e027ed4d4fb58e3b5bdb1ba676c060a7cf1e85a
165455,1577188104,e2bd946d9423eb0f64f73ebec1a87d0099bacdb09c8e3c8aabde3bba2631d7dc
165250,1577100543,ab92d16e999045e0207a0d69de3b928d3a89b6feb3d0e1d72069c6c58d4a38b9
165045,1577015919,e77747abf4c87d4cf86f6bee60da40b76c1d3dbc5dc951a8a3347366c8d9ad9c
164840,1576925635,3ba65adc43f611387656a0b5d9cffe3463326d45c13ce924acfd2cd660ed1bff
164635,1576840400,c45308927770aca0cc6c0359c1dea1202e3dbd52f96fb2c716ba122a91ff60cd
164430,1576755911,b2359d0d69c68e709ca8d3219c204f0ab547187ccb6c266c040e4f549c3d2866
164225,1576672175,c244a79d55a88c699cb2d00e5e7c4cdb49c3632b8ad2abf3ade142e5154d3a87
164020,1576585366,793169f91edcd6c91496bc95eac8977d7dbf7a70d286dd51d17f2ce82faf6a49
163815,1576493732,f05ce89be429c19caf097b04c5db1f6ad77e9b2496edb48fcf45ce02427b0125
163610,1576405746,ae0868d1a341e4457aa6f8eee769d14fc93d5d424625c52750fef422f25e959c
163405,1576311728,582272b3dbdd9beca52bb62b8c01993334d53489d13b0c9828d9a6f3f02746bb
163200,1576223642,fb3bf69241257617ade9364682c6cdcb7db90e652c740fb7f641ca55ad275111
162995,1576140182,94c7fae8d84351187512f75baceb3f37dfeffa536522ee90f830e73fc0e3cb16
162790,1576048671,47ff3ef9155d1ddf7d799e9d0a8fb5794d168818e16bb3b3061297c0de0a764b
162585,1575959067,b881082e8c149b5a5c8cc2094ad2a4c771ee8325c87d2dceb8eb1584dc5b20b1
162380,1575874213,29558ca5210aee2fa37635a5e837077672b53f1cee016a3c1291081b8681d167
162175,1575784221,11931a1e0e5033a1d87138ba9439bbb8de678aefd70966d24160e4ee72a483eb
161970,1575697356,694955387b3f71ea5125183d1be8600cc61fa79154670548f996a37721eb0647
161765,1575607328,0b6520acf8366ce9010de766dcf0500bf8aced413accabecf61ca277264be4a6
161560,1575512288,6ead481e9ea77bc973e47ee4a8e9e67727fb7880743d13e8aa86523b8de47b98
161355,1575421219,5eaf061a04021b14f46ffa001660c0a061b81b06868202c74212c4bc1176ff8c
161150,1575327555,530bc39424ff43d99d72484900facd30ee01a31f9405bc53158e8dacbf25474e
160945,1575238152,4bf4190f673d23819ccccd60ef87cbb206c909c528508e623671b7682f2bd610
160740,1575149957,c98c31843875f4cb2a9f61537e290efafd8a1166145bb52026b599196bcf53dd
160535,1575062685,17fde2a80381ffea041820daa3a45265a614489b2f1810cd5a816929461e290c
160330,1574974244,381cdfb5bf98de8e3d32ec49bf1c19ba7ebf7a3a54140954a9be2f80181e2589
160125,1574885345,bd90d356e8b0bd0b844885ae5b0693ccf70366eaab462aa6679cdbc348f9603e
159920,1574798250,062dfee2952e6932995bf995d04b274af60a6b8d87589cdce2f08ab7cd1bc3c8
159715,1574708828,9be7cdfdf51845e4a2df3cafab7cf265b568294c61f05732bf5423256374585d
159510,1574624528,a9fba7fb3727c349eafa361fa426ef266d78915e5da3c62f15271c1eda0ffc0d
159305,1574534933,323f3feb62a22bc27df53dd16589182325d3d922ba809d1b699cc4b34a64ce79
159100,1574446587,ceb6a6fa2e6e49ef94e8b509719715d9899219d56e8d5adc472dc471cae060d9
158895,1574359189,af0b675a5641a48701126db89b7cdbc064e5fe8983eb6d548e33ca630ba00b7b
158690,1574266193,d4e3f13ee6c43bad023d825327b3306d150cb63ddc206ed96e6b772030cbf3de
158485,1574176566,1e73ff159e4c08c2f23829f1b87bb49977a4e0330b88fc7d153614f30e890439
158280,1574092015,f68a6684dd64b095125a2fdd5258be4039a166e92b39d80e42d2609dc3c13831
158075,1574001214,ba91fdf6221e685eb73d82d69afa85bd489bee1517808014427b2470c78dbcf8
157870,1573911167,2b7fe170ac0467304b9d0da83c0a383dec55011fca59ef204acd8d6009932b4a
157665,1573819803,3dfab1353f704d68e2b23dae04297abb0505ccbe23eb341c999f652433e1d1b6
157460,1573729875,a0b228a9eebe6db034908cf22af79df277c66cd70b78d67456a7a52a54102cdf
157255,1573643775,6b81729a9db5b97b2ed07a9e289069e5d88fe010a1f9c8c5f1ea906730386fe7
157050,1573553960,f85f24747ad044852688b5adc15515b0135badfa5d9ee796bd684c820d4a47ba
156845,1573467882,2f92d2812d2f3b6dd9a8381876ae66351d5e157269919f37e4cef78d5eab4987
156640,1573372021,d1e653ad7d6ce97a22fb6445226144ccc1296150089f6ba0a20d2720cb659bc8
156435,1573283979,2080a9b79dc4b4c276b72339fb7abaf89fb9f7986b9d4bd3040f0f0bc917f9d1
156230,1573199605,1b0e2bdc822d4314f736baf5b34a9b6fe6f080265edb46cc5f9694b32542f3c7
156025,1573113224,e06566fe57f6bb96be7aabb019077355cb89bc22ec2f447e89f479525ba66bbb
155820,1573022373,9d72fe967130a2bd4855f67de77321c8bf096910c5ac667554119c1a2955567b
155615,1572932433,7c943053c97aaee7ec0abf0ed879f83937aab7b84b88ad41e71160a31f4fc822
155410,1572842248,410843e3fb6f0bd8a3fdb0b307842cb6d169b5665c75686268a0593bed0c1183
155205,1572753314,39995a3ae0d1c6a23f496a70a4291069655107e6b1f1f5ee05d3bba8ec76b2f4
155000,1572661374,b70b675d64f6586ad67c962d296927dcd48572753e0739957734e634ee3349cb
154795,1572575433,a396b6a185d2389a7b0ae8bf3fb9342cf18b88a2055688dd75c9f916c688d6ad
154590,1572484600,4ea9d0ecaa7c425f158b54f9bd1c026fa956e3560e8a1ee0f0ea2a2f138163bc
154385,1572397185,51969e5e08a4d2539776b231fc45ea666985fc2b99908d507fb4a88aeeb335a8
154180,1572311298,daf9ffb32a187ae487a4e59663475b9720270626d9749b673526e5db4376a4b4
153975,1572218976,98022359fb7b6804e2ad7cf1203a0ce417c44c325a52ebdf71d39d75b5025f74
153770,1572134905,337e197465a8cc1593455a62dd866e9a48457f1f3ce57d1fe692d8b53576d463
153565,1572046599,b2251273ccbe999e3a22b606a1a3a5acbab625989e5c1069e804cfd078aafcb5
153360,1571956425,fcae26828083dce339ae60d14e7c374d20f74247d4c8742028dcd098c4d0410e
153155,1571867803,b1352fe905d7965aaa0c196e2c8f06481f0b7f8d1c5bcde1290756f356f5b47c
152950,1571778747,552229556ab44f5adbd0533c13322af9df3fda9311c5d91c0b8dd57f7480862c
152745,1571692630,6cd74bcb046bc34af369a6596830db9dbc2e82d98137bd449e1c8d01a94f82b3
