cpk,burno,burned,reward,dwu,duration,burnht,rewardhtdelay,rewardht,maturitydate,maturitytime,returnaddress
BQXj5kV9LVUZGF4ipFCRmkzBbZu366grJt,122,1000000.00,1307199.15,30.7199,365,218382,293580,293207,09-05-2021,16:14:09,BQXj5kV9LVUZGF4ipFCRmkzBbZu366grJt
BQXj5kV9LVUZGF4ipFCRmkzBbZu366grJt,137,500000.00,654150.15,30.8299,365,217794,292965,292619,09-02-2021,20:23:28,BQXj5kV9LVUZGF4ipFCRmkzBbZu366grJt
BRtbY3jJ32Zs4ZzfqXXqrbNh5oyyV8jZfL,66,1000000.00,1310999.15,31.0999,365,217216,292350,292041,08-31-2021,00:58:09,BRtbY3jJ32Zs4ZzfqXXqrbNh5oyyV8jZfL
BRtbY3jJ32Zs4ZzfqXXqrbNh5oyyV8jZfL,197,1000000.00,1313699.15,31.3699,365,217208,292350,292033,08-31-2021,00:11:34,BRtbY3jJ32Zs4ZzfqXXqrbNh5oyyV8jZfL
BRtbY3jJ32Zs4ZzfqXXqrbNh5oyyV8jZfL,117,1000000.00,1256400.15,25.6400,365,216739,291940,291564,08-28-2021,18:33:24,BRtbY3jJ32Zs4ZzfqXXqrbNh5oyyV8jZfL
BRtbY3jJ32Zs4ZzfqXXqrbNh5oyyV8jZfL,433,1000000.00,1259900.15,25.9900,365,216228,291325,291053,08-26-2021,04:00:44,BRtbY3jJ32Zs4ZzfqXXqrbNh5oyyV8jZfL
BRtbY3jJ32Zs4ZzfqXXqrbNh5oyyV8jZfL,340,1000000.00,1262400.15,26.2400,365,216195,291325,291020,08-26-2021,00:28:22,BRtbY3jJ32Zs4ZzfqXXqrbNh5oyyV8jZfL
BRtbY3jJ32Zs4ZzfqXXqrbNh5oyyV8jZfL,149,800000.00,1012320.15,26.5400,365,215935,291120,290760,08-24-2021,18:05:24,BRtbY3jJ32Zs4ZzfqXXqrbNh5oyyV8jZfL
BRtbY3jJ32Zs4ZzfqXXqrbNh5oyyV8jZfL,199,1000000.00,1268100.15,26.8100,365,215819,290915,290644,08-24-2021,04:16:42,BRtbY3jJ32Zs4ZzfqXXqrbNh5oyyV8jZfL
BQXj5kV9LVUZGF4ipFCRmkzBbZu366grJt,254,1000000.00,1279799.15,27.9799,365,215303,290505,290128,08-21-2021,17:08:58,BQXj5kV9LVUZGF4ipFCRmkzBbZu366grJt
B76TkLSoZ5RCCLCgUJj6iajb4j6Ceo9Xdv,52,500000.00,645850.15,29.1699,365,215165,290300,289990,08-21-2021,01:42:14,B76TkLSoZ5RCCLCgUJj6iajb4j6Ceo9Xdv
BQXj5kV9LVUZGF4ipFCRmkzBbZu366grJt,378,1000000.00,1294499.15,29.4499,365,215164,290300,289989,08-21-2021,01:39:12,BQXj5kV9LVUZGF4ipFCRmkzBbZu366grJt
B76TkLSoZ5RCCLCgUJj6iajb4j6Ceo9Xdv,230,1000000.00,1297299.15,29.7299,365,215160,290300,289985,08-21-2021,01:05:55,B76TkLSoZ5RCCLCgUJj6iajb4j6Ceo9Xdv
BQXj5kV9LVUZGF4ipFCRmkzBbZu366grJt,268,1000000.00,1300099.15,30.0099,365,215062,290300,289887,08-20-2021,13:09:47,BQXj5kV9LVUZGF4ipFCRmkzBbZu366grJt
BQXj5kV9LVUZGF4ipFCRmkzBbZu366grJt,190,1000000.00,1302899.15,30.2899,365,214951,290095,289776,08-20-2021,00:40:34,BQXj5kV9LVUZGF4ipFCRmkzBbZu366grJt
BQXj5kV9LVUZGF4ipFCRmkzBbZu366grJt,327,1000000.00,1305799.15,30.5799,365,214743,289890,289568,08-19-2021,00:44:04,BQXj5kV9LVUZGF4ipFCRmkzBbZu366grJt
BQXj5kV9LVUZGF4ipFCRmkzBbZu366grJt,163,1000000.00,1308699.15,30.8699,365,214536,289685,289361,08-18-2021,00:43:41,BQXj5kV9LVUZGF4ipFCRmkzBbZu366grJt
BQXj5kV9LVUZGF4ipFCRmkzBbZu366grJt,210,1000000.00,1311699.15,31.1699,365,214144,289275,288969,08-16-2021,03:28:04,BQXj5kV9LVUZGF4ipFCRmkzBbZu366grJt
B5CxZ5A8M4Fbp56xZHZtcQRyyunKGZAr14,18,1000000.00,1314999.15,31.4999,365,212047,287225,286872,08-06-2021,00:20:29,B5CxZ5A8M4Fbp56xZHZtcQRyyunKGZAr14
BLgDG6kHHxkDaURTV9fGJxxcvGDHfZRuK9,180,10000.00,13338.15,33.3799,365,203583,278820,278408,06-25-2021,22:15:07,BCoF7usTkQLxggdKrTqDDWnsRVMWBNvcfG
BLgDG6kHHxkDaURTV9fGJxxcvGDHfZRuK9,108,600000.00,800280.15,33.3799,365,203583,278820,278408,06-25-2021,22:15:50,BCoF7usTkQLxggdKrTqDDWnsRVMWBNvcfG
BQXj5kV9LVUZGF4ipFCRmkzBbZu366grJt,468,1000000.00,1336899.15,33.6899,365,203305,278410,278130,06-24-2021,13:55:15,BQXj5kV9LVUZGF4ipFCRmkzBbZu366grJt
B76TkLSoZ5RCCLCgUJj6iajb4j6Ceo9Xdv,73,1000000.00,1340099.15,34.0099,365,203215,278410,278040,06-24-2021,03:17:25,B76TkLSoZ5RCCLCgUJj6iajb4j6Ceo9Xdv
B76TkLSoZ5RCCLCgUJj6iajb4j6Ceo9Xdv,289,1000000.00,1351099.15,35.1099,365,202731,277795,277556,06-21-2021,19:01:18,B76TkLSoZ5RCCLCgUJj6iajb4j6Ceo9Xdv
B76TkLSoZ5RCCLCgUJj6iajb4j6Ceo9Xdv,24,1000000.00,1360899.15,36.0899,365,202311,277385,277136,06-19-2021,18:48:10,B76TkLSoZ5RCCLCgUJj6iajb4j6Ceo9Xdv
BJgCwqKR24pLDTC8biLC3rjkmiMsanbdWa,229,157.00,214.15,36.0899,365,202203,277385,277028,06-19-2021,06:07:41,BJgCwqKR24pLDTC8biLC3rjkmiMsanbdWa
BJgCwqKR24pLDTC8biLC3rjkmiMsanbdWa,140,157.00,214.15,36.0899,365,202094,277180,276919,06-18-2021,18:10:54,BJgCwqKR24pLDTC8biLC3rjkmiMsanbdWa
BF16ULUzvFbw7ukzhunvxoqqx4SEKFon15,185,1000000.00,1364099.15,36.4099,365,201937,277180,276762,06-18-2021,00:51:14,BF16ULUzvFbw7ukzhunvxoqqx4SEKFon15
BJgCwqKR24pLDTC8biLC3rjkmiMsanbdWa,226,157.00,214.15,36.4099,365,201884,276975,276709,06-17-2021,18:51:26,BJgCwqKR24pLDTC8biLC3rjkmiMsanbdWa
B76TkLSoZ5RCCLCgUJj6iajb4j6Ceo9Xdv,452,1000000.00,1350141.15,35.3042,362,202379,276975,276589,06-17-2021,02:33:58,B76TkLSoZ5RCCLCgUJj6iajb4j6Ceo9Xdv
B76TkLSoZ5RCCLCgUJj6iajb4j6Ceo9Xdv,244,1000000.00,1350285.15,35.5150,360,202347,276565,276147,06-14-2021,22:56:56,B76TkLSoZ5RCCLCgUJj6iajb4j6Ceo9Xdv
BRtbY3jJ32Zs4ZzfqXXqrbNh5oyyV8jZfL,91,500000.00,683250.15,36.6499,365,200738,275950,275563,06-12-2021,06:08:57,BRtbY3jJ32Zs4ZzfqXXqrbNh5oyyV8jZfL
BRtbY3jJ32Zs4ZzfqXXqrbNh5oyyV8jZfL,113,1000000.00,1369799.15,36.9799,365,200723,275950,275548,06-12-2021,04:46:11,BRtbY3jJ32Zs4ZzfqXXqrbNh5oyyV8jZfL
BJgCwqKR24pLDTC8biLC3rjkmiMsanbdWa,186,157.00,210.15,34.6968,356,202410,275745,275390,06-11-2021,06:08:51,BJgCwqKR24pLDTC8biLC3rjkmiMsanbdWa
BRtbY3jJ32Zs4ZzfqXXqrbNh5oyyV8jZfL,211,1000000.00,1379899.15,37.9899,365,200515,275745,275340,06-11-2021,04:22:55,BRtbY3jJ32Zs4ZzfqXXqrbNh5oyyV8jZfL
BRtbY3jJ32Zs4ZzfqXXqrbNh5oyyV8jZfL,314,1000000.00,1379899.15,37.9899,365,200514,275745,275339,06-11-2021,04:19:19,BRtbY3jJ32Zs4ZzfqXXqrbNh5oyyV8jZfL
BRtbY3jJ32Zs4ZzfqXXqrbNh5oyyV8jZfL,296,1000000.00,1386799.15,38.6799,365,200304,275540,275129,06-10-2021,03:52:59,BRtbY3jJ32Zs4ZzfqXXqrbNh5oyyV8jZfL
BRtbY3jJ32Zs4ZzfqXXqrbNh5oyyV8jZfL,300,1000000.00,1386799.15,38.6799,365,200303,275540,275128,06-10-2021,03:50:12,BRtbY3jJ32Zs4ZzfqXXqrbNh5oyyV8jZfL
BRtbY3jJ32Zs4ZzfqXXqrbNh5oyyV8jZfL,86,1000000.00,1390599.15,39.0599,365,200103,275335,274928,06-09-2021,04:29:57,BRtbY3jJ32Zs4ZzfqXXqrbNh5oyyV8jZfL
BRtbY3jJ32Zs4ZzfqXXqrbNh5oyyV8jZfL,7,1000000.00,1394099.15,39.4099,365,200100,275335,274925,06-09-2021,04:18:03,BRtbY3jJ32Zs4ZzfqXXqrbNh5oyyV8jZfL
BRtbY3jJ32Zs4ZzfqXXqrbNh5oyyV8jZfL,169,1000000.00,1398399.15,39.8399,365,199872,274925,274697,06-08-2021,02:15:12,BRtbY3jJ32Zs4ZzfqXXqrbNh5oyyV8jZfL
BRtbY3jJ32Zs4ZzfqXXqrbNh5oyyV8jZfL,248,1000000.00,1401999.15,40.1999,365,199865,274925,274690,06-08-2021,01:17:07,BRtbY3jJ32Zs4ZzfqXXqrbNh5oyyV8jZfL
B76TkLSoZ5RCCLCgUJj6iajb4j6Ceo9Xdv,323,1000000.00,1409599.15,40.9599,365,199583,274720,274408,06-06-2021,17:48:23,BGXPtbhygDwXMUeZLf7DioHpkGE6fqNtzy
B76TkLSoZ5RCCLCgUJj6iajb4j6Ceo9Xdv,359,1000000.00,1414099.15,41.4099,365,199272,274515,274097,06-05-2021,07:11:22,BJNekzwfcVyxRPQeJRbYYYdWKxbfPAsoqd
B76TkLSoZ5RCCLCgUJj6iajb4j6Ceo9Xdv,445,1000000.00,1421999.15,42.1999,365,199224,274310,274049,06-05-2021,01:51:11,BPwCkuAy7p9bDeuus19GhpBEmGa14t9TnA
BLENRYgVPwzfsrJoJNbvC537qMHsCVyeFU,19,150000.00,214515.15,43.0099,365,199008,274105,273833,06-03-2021,23:40:22,BLENRYgVPwzfsrJoJNbvC537qMHsCVyeFU
B76TkLSoZ5RCCLCgUJj6iajb4j6Ceo9Xdv,386,1000000.00,1433999.15,43.3999,365,199007,274105,273832,06-03-2021,23:18:56,BGXZXBdBQKdX4rDZrnzxBR5ojyo1FgyRHa
BRtbY3jJ32Zs4ZzfqXXqrbNh5oyyV8jZfL,467,1000000.00,1433999.15,43.3999,365,199006,274105,273831,06-03-2021,22:59:50,BCRTHVznu1kRyf6VdyShaUPrPNXXyQ3Koa
BRtbY3jJ32Zs4ZzfqXXqrbNh5oyyV8jZfL,329,1000000.00,1361168.15,37.1342,355,200516,273695,273291,06-01-2021,04:24:44,BRtbY3jJ32Zs4ZzfqXXqrbNh5oyyV8jZfL
BQXj5kV9LVUZGF4ipFCRmkzBbZu366grJt,45,1000000.00,1192506.15,19.3035,364,196537,271440,271157,05-21-2021,22:10:26,BQXj5kV9LVUZGF4ipFCRmkzBbZu366grJt
B76TkLSoZ5RCCLCgUJj6iajb4j6Ceo9Xdv,333,1000000.00,1399723.15,41.6854,350,199013,271030,270763,05-20-2021,00:50:45,BMFexP5awPZRLr5eD5W9oXEQ4paE3eVuaj
BQXj5kV9LVUZGF4ipFCRmkzBbZu366grJt,168,1000000.00,1195892.15,19.6430,364,196064,271030,270684,05-19-2021,14:57:48,BQXj5kV9LVUZGF4ipFCRmkzBbZu366grJt
BQXj5kV9LVUZGF4ipFCRmkzBbZu366grJt,34,1000000.00,1199378.15,19.9925,364,195869,270825,270489,05-18-2021,16:05:30,BQXj5kV9LVUZGF4ipFCRmkzBbZu366grJt
BQXj5kV9LVUZGF4ipFCRmkzBbZu366grJt,166,1000000.00,1202863.15,20.3421,364,195316,270210,269936,05-15-2021,23:32:28,BQXj5kV9LVUZGF4ipFCRmkzBbZu366grJt
B76TkLSoZ5RCCLCgUJj6iajb4j6Ceo9Xdv,37,1000000.00,1375585.15,40.3201,340,199234,269185,268934,05-11-2021,02:44:04,BB2H8K3d4SPL6te3LUiu637tKycAHJzAMo
B76TkLSoZ5RCCLCgUJj6iajb4j6Ceo9Xdv,247,1000000.00,1349383.15,38.6438,330,199681,267750,267331,05-03-2021,04:52:53,B67D4N9V2WHvY5GfgQjKwJhKLd6hZ1dRRD
BQXj5kV9LVUZGF4ipFCRmkzBbZu366grJt,146,256000.00,284926.15,22.9124,180,218042,255245,254942,03-03-2021,01:01:45,BQXj5kV9LVUZGF4ipFCRmkzBbZu366grJt
BLENRYgVPwzfsrJoJNbvC537qMHsCVyeFU,426,250000.00,306775.15,22.7100,365,180020,255245,254845,03-03-2021,15:43:59,BLENRYgVPwzfsrJoJNbvC537qMHsCVyeFU
BLENRYgVPwzfsrJoJNbvC537qMHsCVyeFU,339,250000.00,306318.15,22.5890,364,180047,255040,254667,03-02-2021,18:25:32,BLENRYgVPwzfsrJoJNbvC537qMHsCVyeFU
BLENRYgVPwzfsrJoJNbvC537qMHsCVyeFU,447,250000.00,305863.15,22.4682,363,180053,254835,254468,03-01-2021,19:08:10,BLENRYgVPwzfsrJoJNbvC537qMHsCVyeFU
BQXj5kV9LVUZGF4ipFCRmkzBbZu366grJt,93,512000.00,559692.15,18.8883,180,216974,254220,253874,02-25-2021,21:17:45,BQXj5kV9LVUZGF4ipFCRmkzBbZu366grJt
BQXj5kV9LVUZGF4ipFCRmkzBbZu366grJt,321,1000000.00,1093479.15,18.9555,180,216971,254220,253871,02-25-2021,20:57:28,BQXj5kV9LVUZGF4ipFCRmkzBbZu366grJt
BQXj5kV9LVUZGF4ipFCRmkzBbZu366grJt,119,1000000.00,1094768.15,19.2168,180,216574,253810,253474,02-23-2021,22:45:52,BQXj5kV9LVUZGF4ipFCRmkzBbZu366grJt
BLENRYgVPwzfsrJoJNbvC537qMHsCVyeFU,407,700000.00,860930.15,22.9900,365,178639,253810,253464,02-25-2021,04:25:21,BLENRYgVPwzfsrJoJNbvC537qMHsCVyeFU
BQXj5kV9LVUZGF4ipFCRmkzBbZu366grJt,153,1000000.00,1232900.15,23.2900,365,178356,253605,253181,02-23-2021,20:45:31,BQXj5kV9LVUZGF4ipFCRmkzBbZu366grJt
BQXj5kV9LVUZGF4ipFCRmkzBbZu366grJt,17,1000000.00,1096977.15,19.6648,180,215986,253195,252886,02-20-2021,23:53:01,BQXj5kV9LVUZGF4ipFCRmkzBbZu366grJt
BQXj5kV9LVUZGF4ipFCRmkzBbZu366grJt,170,1000000.00,1247000.15,24.7000,365,177893,252990,252718,02-21-2021,16:26:38,BQXj5kV9LVUZGF4ipFCRmkzBbZu366grJt
BQXj5kV9LVUZGF4ipFCRmkzBbZu366grJt,29,1000000.00,1099075.15,20.0903,180,215741,252990,252641,02-19-2021,19:46:10,BQXj5kV9LVUZGF4ipFCRmkzBbZu366grJt
BQXj5kV9LVUZGF4ipFCRmkzBbZu366grJt,62,1000000.00,1251000.15,25.1000,365,177770,252990,252595,02-21-2021,02:33:48,BQXj5kV9LVUZGF4ipFCRmkzBbZu366grJt
BLENRYgVPwzfsrJoJNbvC537qMHsCVyeFU,42,500000.00,626550.15,25.3100,365,177552,252785,252377,02-20-2021,02:04:48,BLENRYgVPwzfsrJoJNbvC537qMHsCVyeFU
BQXj5kV9LVUZGF4ipFCRmkzBbZu366grJt,47,1000000.00,1257200.15,25.7200,365,177463,252580,252288,02-19-2021,15:59:41,BQXj5kV9LVUZGF4ipFCRmkzBbZu366grJt
BJxfXErViKkpgDMaqzQNyATMJjEVd7VFck,239,5000.00,6286.15,25.7300,365,177337,252580,252162,02-19-2021,01:46:35,BJxfXErViKkpgDMaqzQNyATMJjEVd7VFck
BGz1NwRvia3hzCqp4LurrHZAnJqc6BaaxA,228,15000.00,18859.15,25.7300,365,177337,252580,252162,02-19-2021,01:47:05,BGz1NwRvia3hzCqp4LurrHZAnJqc6BaaxA
BLENRYgVPwzfsrJoJNbvC537qMHsCVyeFU,145,100000.00,125770.15,25.7700,365,177166,252375,251991,02-18-2021,06:26:16,BLENRYgVPwzfsrJoJNbvC537qMHsCVyeFU
BLENRYgVPwzfsrJoJNbvC537qMHsCVyeFU,192,350000.00,440685.15,25.9100,365,176945,252170,251770,02-17-2021,05:53:36,BLENRYgVPwzfsrJoJNbvC537qMHsCVyeFU
BQXj5kV9LVUZGF4ipFCRmkzBbZu366grJt,294,1000000.00,1263400.15,26.3400,365,176821,251965,251646,02-16-2021,15:31:18,BQXj5kV9LVUZGF4ipFCRmkzBbZu366grJt
BQXj5kV9LVUZGF4ipFCRmkzBbZu366grJt,246,777777.00,985210.15,26.6700,365,176710,251965,251535,02-16-2021,03:08:34,BQXj5kV9LVUZGF4ipFCRmkzBbZu366grJt
BQXj5kV9LVUZGF4ipFCRmkzBbZu366grJt,23,1000000.00,1271100.15,27.1099,365,176691,251760,251516,02-16-2021,01:15:38,BQXj5kV9LVUZGF4ipFCRmkzBbZu366grJt
BLENRYgVPwzfsrJoJNbvC537qMHsCVyeFU,41,350000.00,445410.15,27.2599,365,176523,251760,251348,02-15-2021,06:08:57,BLENRYgVPwzfsrJoJNbvC537qMHsCVyeFU
BQXj5kV9LVUZGF4ipFCRmkzBbZu366grJt,123,1000000.00,1277099.15,27.7099,365,176497,251555,251322,02-15-2021,03:17:48,BQXj5kV9LVUZGF4ipFCRmkzBbZu366grJt
BLENRYgVPwzfsrJoJNbvC537qMHsCVyeFU,392,150000.00,191670.15,27.7799,365,176175,251350,251000,02-13-2021,14:53:58,BLENRYgVPwzfsrJoJNbvC537qMHsCVyeFU
BGz1NwRvia3hzCqp4LurrHZAnJqc6BaaxA,116,20000.00,25558.15,27.7899,365,176085,251145,250910,02-13-2021,05:10:23,BGz1NwRvia3hzCqp4LurrHZAnJqc6BaaxA
BLENRYgVPwzfsrJoJNbvC537qMHsCVyeFU,159,250000.00,320025.15,28.0099,365,176069,251145,250894,02-13-2021,03:20:55,BLENRYgVPwzfsrJoJNbvC537qMHsCVyeFU
BLENRYgVPwzfsrJoJNbvC537qMHsCVyeFU,325,250000.00,319463.15,27.8617,364,176074,250940,250694,02-12-2021,03:53:07,BLENRYgVPwzfsrJoJNbvC537qMHsCVyeFU
BQXj5kV9LVUZGF4ipFCRmkzBbZu366grJt,387,1000000.00,1284699.15,28.4699,365,175843,250940,250668,02-12-2021,02:08:54,BQXj5kV9LVUZGF4ipFCRmkzBbZu366grJt
BLENRYgVPwzfsrJoJNbvC537qMHsCVyeFU,84,200000.00,257140.15,28.5699,365,175653,250735,250478,02-11-2021,04:40:21,BLENRYgVPwzfsrJoJNbvC537qMHsCVyeFU
BQXj5kV9LVUZGF4ipFCRmkzBbZu366grJt,83,1000000.00,1290299.15,29.0299,365,175624,250735,250449,02-11-2021,01:30:10,BQXj5kV9LVUZGF4ipFCRmkzBbZu366grJt
BLENRYgVPwzfsrJoJNbvC537qMHsCVyeFU,194,100000.00,129080.15,29.0799,365,175526,250735,250351,02-10-2021,14:20:31,BLENRYgVPwzfsrJoJNbvC537qMHsCVyeFU
BQXj5kV9LVUZGF4ipFCRmkzBbZu366grJt,39,1000000.00,1295599.15,29.5599,365,175342,250530,250167,02-09-2021,17:34:50,BQXj5kV9LVUZGF4ipFCRmkzBbZu366grJt
BLENRYgVPwzfsrJoJNbvC537qMHsCVyeFU,218,100000.00,129610.15,29.6099,365,175314,250530,250139,02-09-2021,14:12:21,BLENRYgVPwzfsrJoJNbvC537qMHsCVyeFU
BLBjptmhNbKcrXaWDDYm6fEQnTwnDuceT1,377,500000.00,649250.15,29.8499,365,175077,250325,249902,02-08-2021,11:18:18,B72qJt2JP5iEuX5XMF9qjNDLZHRhgFZVwK
BLENRYgVPwzfsrJoJNbvC537qMHsCVyeFU,315,250000.00,325225.15,30.0899,365,175026,250120,249851,02-08-2021,05:41:33,BLENRYgVPwzfsrJoJNbvC537qMHsCVyeFU
BLBjptmhNbKcrXaWDDYm6fEQnTwnDuceT1,351,500000.00,651700.15,30.3399,365,174990,250120,249815,02-08-2021,01:45:32,BLBjptmhNbKcrXaWDDYm6fEQnTwnDuceT1
BCQRwo7G3LqUURdJoKrH1SSBVPh7S26B2q,297,20000.00,26088.15,30.4399,365,174897,250120,249722,02-07-2021,15:20:00,BCQRwo7G3LqUURdJoKrH1SSBVPh7S26B2q
BLENRYgVPwzfsrJoJNbvC537qMHsCVyeFU,288,250000.00,324916.15,30.0487,364,175027,249915,249647,02-07-2021,05:46:19,BLENRYgVPwzfsrJoJNbvC537qMHsCVyeFU
BQXj5kV9LVUZGF4ipFCRmkzBbZu366grJt,431,1000000.00,1309499.15,30.9499,365,174785,249915,249610,02-07-2021,02:50:28,BQXj5kV9LVUZGF4ipFCRmkzBbZu366grJt
BCQRwo7G3LqUURdJoKrH1SSBVPh7S26B2q,283,10000.00,13115.15,31.1499,365,174587,249710,249412,02-06-2021,04:34:12,BCQRwo7G3LqUURdJoKrH1SSBVPh7S26B2q
BQXj5kV9LVUZGF4ipFCRmkzBbZu366grJt,298,1000000.00,1316599.15,31.6599,365,174559,249710,249384,02-06-2021,01:30:38,BQXj5kV9LVUZGF4ipFCRmkzBbZu366grJt
BQXj5kV9LVUZGF4ipFCRmkzBbZu366grJt,81,1000000.00,1321799.15,32.1799,365,174460,249710,249285,02-05-2021,14:16:23,BQXj5kV9LVUZGF4ipFCRmkzBbZu366grJt
BLENRYgVPwzfsrJoJNbvC537qMHsCVyeFU,309,100000.00,131012.15,31.0973,364,174620,249505,249240,02-05-2021,08:16:38,BLENRYgVPwzfsrJoJNbvC537qMHsCVyeFU
BLENRYgVPwzfsrJoJNbvC537qMHsCVyeFU,466,100000.00,132230.15,32.2299,365,174401,249505,249226,02-05-2021,07:32:54,BLENRYgVPwzfsrJoJNbvC537qMHsCVyeFU
BLENRYgVPwzfsrJoJNbvC537qMHsCVyeFU,358,100000.00,130835.15,31.0048,363,174620,249300,249035,02-04-2021,08:16:43,BLENRYgVPwzfsrJoJNbvC537qMHsCVyeFU
B6Sguc8sudT3YZZgY4CLBFzaNpBBMAgEth,405,1000000.00,1334399.15,33.4399,365,174015,249095,248840,02-03-2021,12:18:40,B6Sguc8sudT3YZZgY4CLBFzaNpBBMAgEth
BLENRYgVPwzfsrJoJNbvC537qMHsCVyeFU,460,100000.00,130658.15,30.9124,362,174623,249095,248833,02-03-2021,08:30:43,BLENRYgVPwzfsrJoJNbvC537qMHsCVyeFU
BLENRYgVPwzfsrJoJNbvC537qMHsCVyeFU,161,100000.00,129768.15,30.1818,360,174919,249095,248719,02-02-2021,17:42:40,BLENRYgVPwzfsrJoJNbvC537qMHsCVyeFU
BLENRYgVPwzfsrJoJNbvC537qMHsCVyeFU,413,100000.00,132104.15,32.2813,363,174280,249095,248695,02-02-2021,17:57:42,BLENRYgVPwzfsrJoJNbvC537qMHsCVyeFU
BGz1NwRvia3hzCqp4LurrHZAnJqc6BaaxA,118,3000.00,3895.15,30.2414,360,174892,249095,248692,02-02-2021,14:47:46,BGz1NwRvia3hzCqp4LurrHZAnJqc6BaaxA
BLENRYgVPwzfsrJoJNbvC537qMHsCVyeFU,183,100000.00,130482.15,30.8201,361,174623,248890,248628,02-02-2021,08:30:56,BLENRYgVPwzfsrJoJNbvC537qMHsCVyeFU
BGz1NwRvia3hzCqp4LurrHZAnJqc6BaaxA,156,4000.00,5384.15,34.6099,365,173750,248890,248575,02-02-2021,06:26:31,BGz1NwRvia3hzCqp4LurrHZAnJqc6BaaxA
BCQRwo7G3LqUURdJoKrH1SSBVPh7S26B2q,432,400.00,538.15,34.6099,365,173750,248890,248575,02-02-2021,06:27:18,BCQRwo7G3LqUURdJoKrH1SSBVPh7S26B2q
BQXj5kV9LVUZGF4ipFCRmkzBbZu366grJt,99,1000000.00,1344081.15,34.5026,364,173950,248890,248570,02-02-2021,04:54:55,BQXj5kV9LVUZGF4ipFCRmkzBbZu366grJt
BQXj5kV9LVUZGF4ipFCRmkzBbZu366grJt,144,1000000.00,1344081.15,34.5026,364,173949,248890,248569,02-02-2021,04:54:26,BQXj5kV9LVUZGF4ipFCRmkzBbZu366grJt
BQXj5kV9LVUZGF4ipFCRmkzBbZu366grJt,27,1000000.00,1351799.15,35.1799,365,173734,248890,248559,02-02-2021,04:40:12,BQXj5kV9LVUZGF4ipFCRmkzBbZu366grJt
BLENRYgVPwzfsrJoJNbvC537qMHsCVyeFU,401,100000.00,129684.15,30.1798,359,174919,248890,248514,02-01-2021,17:42:33,BLENRYgVPwzfsrJoJNbvC537qMHsCVyeFU
BLENRYgVPwzfsrJoJNbvC537qMHsCVyeFU,55,100000.00,131923.15,32.1871,362,174280,248890,248490,02-01-2021,17:58:27,BLENRYgVPwzfsrJoJNbvC537qMHsCVyeFU
BJxfXErViKkpgDMaqzQNyATMJjEVd7VFck,360,2500.00,3362.15,34.5625,364,173750,248685,248370,02-01-2021,06:28:29,BJxfXErViKkpgDMaqzQNyATMJjEVd7VFck
BQXj5kV9LVUZGF4ipFCRmkzBbZu366grJt,216,1000000.00,1357599.15,35.7599,365,173477,248685,248302,01-31-2021,23:52:20,BQXj5kV9LVUZGF4ipFCRmkzBbZu366grJt
BLENRYgVPwzfsrJoJNbvC537qMHsCVyeFU,406,100000.00,134326.15,34.5151,363,173750,248480,248165,01-31-2021,06:30:18,BLENRYgVPwzfsrJoJNbvC537qMHsCVyeFU
BM2e5zvdEf8jcosQdhP6e7NRs8kEMqJy7U,74,500000.00,683250.15,36.6499,365,173260,248480,248085,01-30-2021,23:05:43,BM2e5zvdEf8jcosQdhP6e7NRs8kEMqJy7U
BQXj5kV9LVUZGF4ipFCRmkzBbZu366grJt,77,1000000.00,1322270.15,32.6746,360,174250,248480,248050,01-30-2021,14:45:16,BQXj5kV9LVUZGF4ipFCRmkzBbZu366grJt
BQXj5kV9LVUZGF4ipFCRmkzBbZu366grJt,1,1000000.00,1372599.15,37.2599,365,173179,248275,248004,01-30-2021,14:00:36,BQXj5kV9LVUZGF4ipFCRmkzBbZu366grJt
BQXj5kV9LVUZGF4ipFCRmkzBbZu366grJt,274,1000000.00,1362007.15,36.3001,364,173311,248275,247931,01-30-2021,04:43:37,BQXj5kV9LVUZGF4ipFCRmkzBbZu366grJt
B76TkLSoZ5RCCLCgUJj6iajb4j6Ceo9Xdv,128,1000000.00,1378799.15,37.8799,365,173044,248275,247869,01-29-2021,22:59:40,B76TkLSoZ5RCCLCgUJj6iajb4j6Ceo9Xdv
BM2e5zvdEf8jcosQdhP6e7NRs8kEMqJy7U,454,500000.00,690950.15,38.1899,365,172983,248070,247808,01-29-2021,16:01:51,BM2e5zvdEf8jcosQdhP6e7NRs8kEMqJy7U
B76TkLSoZ5RCCLCgUJj6iajb4j6Ceo9Xdv,31,1000000.00,1388199.15,38.8199,365,172897,248070,247722,01-29-2021,06:20:37,B76TkLSoZ5RCCLCgUJj6iajb4j6Ceo9Xdv
BQXj5kV9LVUZGF4ipFCRmkzBbZu366grJt,399,900000.00,1260359.15,40.0399,365,172816,248070,247641,01-28-2021,20:51:56,BQXj5kV9LVUZGF4ipFCRmkzBbZu366grJt
BGcsQpSpxfK5QctJvWrp7dAJjPAt2Uq8XE,129,1000000.00,1394499.15,39.4499,365,172816,248070,247641,01-28-2021,21:04:32,BGcsQpSpxfK5QctJvWrp7dAJjPAt2Uq8XE
BQXj5kV9LVUZGF4ipFCRmkzBbZu366grJt,154,1000000.00,1405999.15,40.5999,365,172561,247660,247386,01-27-2021,16:27:47,BQXj5kV9LVUZGF4ipFCRmkzBbZu366grJt
B76TkLSoZ5RCCLCgUJj6iajb4j6Ceo9Xdv,352,1000000.00,1411199.15,41.1199,365,172485,247660,247310,01-27-2021,07:34:22,B76TkLSoZ5RCCLCgUJj6iajb4j6Ceo9Xdv
BQXj5kV9LVUZGF4ipFCRmkzBbZu366grJt,134,768000.00,1087795.15,41.6399,365,172329,247455,247154,01-26-2021,14:25:34,BQXj5kV9LVUZGF4ipFCRmkzBbZu366grJt
BLENRYgVPwzfsrJoJNbvC537qMHsCVyeFU,313,80000.00,104841.15,31.9265,355,174281,247455,247056,01-25-2021,18:03:59,BLENRYgVPwzfsrJoJNbvC537qMHsCVyeFU
BQXj5kV9LVUZGF4ipFCRmkzBbZu366grJt,275,1000000.00,1116490.15,23.6216,180,210147,247455,247047,01-23-2021,21:08:59,BQXj5kV9LVUZGF4ipFCRmkzBbZu366grJt
BQXj5kV9LVUZGF4ipFCRmkzBbZu366grJt,68,100000.00,142530.15,42.5299,365,172129,247250,246954,01-25-2021,15:32:24,BQXj5kV9LVUZGF4ipFCRmkzBbZu366grJt
BRtbY3jJ32Zs4ZzfqXXqrbNh5oyyV8jZfL,310,549000.00,784740.15,42.9399,365,172003,247250,246828,01-25-2021,01:38:29,BRtbY3jJ32Zs4ZzfqXXqrbNh5oyyV8jZfL
BRtbY3jJ32Zs4ZzfqXXqrbNh5oyyV8jZfL,8,1000000.00,1436299.15,43.6299,365,172000,247250,246825,01-25-2021,01:20:08,BRtbY3jJ32Zs4ZzfqXXqrbNh5oyyV8jZfL
BQXj5kV9LVUZGF4ipFCRmkzBbZu366grJt,196,512000.00,728502.15,42.4018,364,172189,247045,246809,01-24-2021,22:27:14,BQXj5kV9LVUZGF4ipFCRmkzBbZu366grJt
BRtbY3jJ32Zs4ZzfqXXqrbNh5oyyV8jZfL,357,1000000.00,1463499.15,46.3499,365,171740,246840,246565,01-23-2021,20:04:49,BRtbY3jJ32Zs4ZzfqXXqrbNh5oyyV8jZfL
BRtbY3jJ32Zs4ZzfqXXqrbNh5oyyV8jZfL,307,1000000.00,1463499.15,46.3499,365,171739,246840,246564,01-23-2021,20:00:57,BRtbY3jJ32Zs4ZzfqXXqrbNh5oyyV8jZfL
BRtbY3jJ32Zs4ZzfqXXqrbNh5oyyV8jZfL,243,490000.00,718928.15,46.7199,365,171736,246840,246561,01-23-2021,19:35:17,BRtbY3jJ32Zs4ZzfqXXqrbNh5oyyV8jZfL
BRtbY3jJ32Zs4ZzfqXXqrbNh5oyyV8jZfL,10,1000000.00,1446956.15,44.8184,364,171742,246635,246362,01-22-2021,20:18:25,BRtbY3jJ32Zs4ZzfqXXqrbNh5oyyV8jZfL
BQXj5kV9LVUZGF4ipFCRmkzBbZu366grJt,408,1000000.00,1116821.15,23.6888,180,209327,246635,246227,01-19-2021,21:37:05,BQXj5kV9LVUZGF4ipFCRmkzBbZu366grJt
B76TkLSoZ5RCCLCgUJj6iajb4j6Ceo9Xdv,344,1000000.00,1484599.15,48.4599,365,171119,246225,245944,01-20-2021,22:45:18,B76TkLSoZ5RCCLCgUJj6iajb4j6Ceo9Xdv
B76TkLSoZ5RCCLCgUJj6iajb4j6Ceo9Xdv,112,1000000.00,1492499.15,49.2499,365,171117,246225,245942,01-20-2021,22:21:52,B76TkLSoZ5RCCLCgUJj6iajb4j6Ceo9Xdv
BQXj5kV9LVUZGF4ipFCRmkzBbZu366grJt,330,1000000.00,1120687.15,24.4727,180,208918,246225,245818,01-17-2021,22:10:02,BQXj5kV9LVUZGF4ipFCRmkzBbZu366grJt
B76TkLSoZ5RCCLCgUJj6iajb4j6Ceo9Xdv,63,900000.00,1327447.15,47.6246,364,171123,246020,245743,01-19-2021,23:10:24,B76TkLSoZ5RCCLCgUJj6iajb4j6Ceo9Xdv
BQXj5kV9LVUZGF4ipFCRmkzBbZu366grJt,380,1000000.00,1120430.15,24.4204,180,208271,245405,245171,01-14-2021,18:35:10,BQXj5kV9LVUZGF4ipFCRmkzBbZu366grJt
BQXj5kV9LVUZGF4ipFCRmkzBbZu366grJt,389,1000000.00,1120724.15,24.4802,180,207096,244380,243996,01-09-2021,01:04:07,BQXj5kV9LVUZGF4ipFCRmkzBbZu366grJt
BQXj5kV9LVUZGF4ipFCRmkzBbZu366grJt,423,1000000.00,1121129.15,24.5623,180,206796,243970,243696,01-07-2021,15:08:33,BQXj5kV9LVUZGF4ipFCRmkzBbZu366grJt
BQXj5kV9LVUZGF4ipFCRmkzBbZu366grJt,280,1000000.00,1121534.15,24.6444,180,206678,243970,243578,01-07-2021,01:22:30,BQXj5kV9LVUZGF4ipFCRmkzBbZu366grJt
BQXj5kV9LVUZGF4ipFCRmkzBbZu366grJt,107,1000000.00,1121976.15,24.7340,180,206302,243560,243202,01-05-2021,01:59:48,BQXj5kV9LVUZGF4ipFCRmkzBbZu366grJt
BRtbY3jJ32Zs4ZzfqXXqrbNh5oyyV8jZfL,411,1000000.00,2547597.15,154.7597,365,167361,242535,242186,01-02-2021,02:14:55,BRtbY3jJ32Zs4ZzfqXXqrbNh5oyyV8jZfL
BRtbY3jJ32Zs4ZzfqXXqrbNh5oyyV8jZfL,43,1000000.00,2547597.15,154.7597,365,167155,242330,241980,01-01-2021,01:49:04,BRtbY3jJ32Zs4ZzfqXXqrbNh5oyyV8jZfL
BRtbY3jJ32Zs4ZzfqXXqrbNh5oyyV8jZfL,355,1000000.00,2541243.15,154.5477,364,167156,242125,241776,12-31-2020,01:58:35,BRtbY3jJ32Zs4ZzfqXXqrbNh5oyyV8jZfL
BQXj5kV9LVUZGF4ipFCRmkzBbZu366grJt,54,1000000.00,2629710.15,164.3216,362,166702,241305,240912,12-26-2020,17:27:43,BQXj5kV9LVUZGF4ipFCRmkzBbZu366grJt
BQXj5kV9LVUZGF4ipFCRmkzBbZu366grJt,232,1000000.00,2688535.15,169.3174,364,166277,241305,240897,12-26-2020,15:50:11,BQXj5kV9LVUZGF4ipFCRmkzBbZu366grJt
BQXj5kV9LVUZGF4ipFCRmkzBbZu366grJt,334,10000.00,29918.15,199.7257,364,166089,241100,240709,12-25-2020,17:10:52,BQXj5kV9LVUZGF4ipFCRmkzBbZu366grJt
BQXj5kV9LVUZGF4ipFCRmkzBbZu366grJt,311,1000000.00,2661416.15,167.5184,362,166487,241100,240697,12-25-2020,15:52:58,BQXj5kV9LVUZGF4ipFCRmkzBbZu366grJt
BQXj5kV9LVUZGF4ipFCRmkzBbZu366grJt,221,1000000.00,2509646.15,153.4877,359,167096,241100,240691,12-25-2020,16:49:44,BQXj5kV9LVUZGF4ipFCRmkzBbZu366grJt
BQXj5kV9LVUZGF4ipFCRmkzBbZu366grJt,347,1000000.00,2582649.15,160.4631,360,166883,241100,240683,12-25-2020,15:51:44,BQXj5kV9LVUZGF4ipFCRmkzBbZu366grJt
BF16ULUzvFbw7ukzhunvxoqqx4SEKFon15,287,10000.00,11341.15,27.1828,180,201935,239255,238835,12-15-2020,00:43:10,BF16ULUzvFbw7ukzhunvxoqqx4SEKFon15
BQXj5kV9LVUZGF4ipFCRmkzBbZu366grJt,184,512000.00,580767.15,27.2350,180,200907,238230,237807,12-10-2020,01:58:41,BQXj5kV9LVUZGF4ipFCRmkzBbZu366grJt
BQXj5kV9LVUZGF4ipFCRmkzBbZu366grJt,252,256000.00,293965.15,30.0720,180,199783,237000,236683,12-04-2020,15:59:30,BQXj5kV9LVUZGF4ipFCRmkzBbZu366grJt
B8WPDgxr5eNcqVXMXStAXurMphhsYyJiLd,90,450000.00,471253.15,19.1536,90,218233,237000,236683,12-03-2020,23:03:53,B8WPDgxr5eNcqVXMXStAXurMphhsYyJiLd
BQXj5kV9LVUZGF4ipFCRmkzBbZu366grJt,353,25000.00,26180.15,19.1411,90,217798,236590,236248,12-01-2020,20:50:30,BQXj5kV9LVUZGF4ipFCRmkzBbZu366grJt
BQXj5kV9LVUZGF4ipFCRmkzBbZu366grJt,272,512000.00,590833.15,31.2217,180,199225,236385,236125,12-02-2020,01:52:56,BQXj5kV9LVUZGF4ipFCRmkzBbZu366grJt
BQXj5kV9LVUZGF4ipFCRmkzBbZu366grJt,258,512000.00,593943.15,32.4536,180,199004,236180,235904,11-30-2020,21:56:05,BQXj5kV9LVUZGF4ipFCRmkzBbZu366grJt
B8WPDgxr5eNcqVXMXStAXurMphhsYyJiLd,162,50000.00,51951.15,15.8252,90,216852,235565,235302,11-27-2020,07:19:42,B8WPDgxr5eNcqVXMXStAXurMphhsYyJiLd
BMDb6Z4mmKmmKXDAhBCPW5XXpEqzT1Q1PV,420,100.00,104.15,15.9811,90,216697,235565,235147,11-26-2020,13:18:32,BMDb6Z4mmKmmKXDAhBCPW5XXpEqzT1Q1PV
BQXj5kV9LVUZGF4ipFCRmkzBbZu366grJt,278,1000000.00,1065793.15,13.3413,180,198162,235360,235062,11-26-2020,19:37:10,BQXj5kV9LVUZGF4ipFCRmkzBbZu366grJt
BLENRYgVPwzfsrJoJNbvC537qMHsCVyeFU,304,1000.00,1040.15,16.0372,90,216509,235360,234959,11-25-2020,15:38:14,BLENRYgVPwzfsrJoJNbvC537qMHsCVyeFU
BAV71kHZepvKLBuAkCkYsGE4ior9SVGkdv,236,20000.00,20791.15,16.0434,90,216299,235155,234749,11-24-2020,14:35:29,BAV71kHZepvKLBuAkCkYsGE4ior9SVGkdv
BQXj5kV9LVUZGF4ipFCRmkzBbZu366grJt,215,100000.00,104259.15,17.2713,90,215330,234130,233780,11-19-2020,20:12:03,BQXj5kV9LVUZGF4ipFCRmkzBbZu366grJt
BQXj5kV9LVUZGF4ipFCRmkzBbZu366grJt,444,1000000.00,1330640.15,40.2279,300,171970,233720,233470,11-20-2020,21:53:38,BQXj5kV9LVUZGF4ipFCRmkzBbZu366grJt
BQXj5kV9LVUZGF4ipFCRmkzBbZu366grJt,292,1000000.00,1047966.15,19.4528,90,212255,231055,230705,11-05-2020,00:05:28,BQXj5kV9LVUZGF4ipFCRmkzBbZu366grJt
BQXj5kV9LVUZGF4ipFCRmkzBbZu366grJt,104,1000000.00,1057015.15,20.8103,100,207296,228185,227796,10-22-2020,00:35:33,BQXj5kV9LVUZGF4ipFCRmkzBbZu366grJt
BN1wgJYBL2VUCaCP3TYE6nHB9PNwFA2Gz8,201,1000000.00,1013538.15,16.4709,30,218437,224905,224587,10-05-2020,22:38:48,BN1wgJYBL2VUCaCP3TYE6nHB9PNwFA2Gz8
BQXj5kV9LVUZGF4ipFCRmkzBbZu366grJt,418,512000.00,556152.15,26.2298,120,199986,224905,224586,10-06-2020,15:10:03,BQXj5kV9LVUZGF4ipFCRmkzBbZu366grJt
BN1wgJYBL2VUCaCP3TYE6nHB9PNwFA2Gz8,204,1000000.00,1013547.15,16.4817,30,218434,224905,224584,10-05-2020,22:17:18,BN1wgJYBL2VUCaCP3TYE6nHB9PNwFA2Gz8
BN1wgJYBL2VUCaCP3TYE6nHB9PNwFA2Gz8,233,1000000.00,1013547.15,16.4817,30,218432,224905,224582,10-05-2020,21:51:41,BN1wgJYBL2VUCaCP3TYE6nHB9PNwFA2Gz8
B7gYGopY6JmPsFSRB4wSxxadRMZ6NLL3yb,302,100000.00,101366.15,16.6224,30,218361,224905,224511,10-05-2020,13:08:12,B7gYGopY6JmPsFSRB4wSxxadRMZ6NLL3yb
B7gYGopY6JmPsFSRB4wSxxadRMZ6NLL3yb,5,100000.00,101364.15,16.5900,30,218098,224495,224248,10-04-2020,07:38:16,B7gYGopY6JmPsFSRB4wSxxadRMZ6NLL3yb
BPHr5ooeyin5gE4EvRaGLurmG2jaumUzjp,231,1000000.00,1013653.15,16.6116,30,218012,224495,224162,10-03-2020,21:45:07,BPHr5ooeyin5gE4EvRaGLurmG2jaumUzjp
B7AuLcF2yYgPzhtPJXdwR8EjNLz4C7GLyH,316,1000000.00,1013658.15,16.6170,30,217946,224495,224096,10-03-2020,13:47:36,B7AuLcF2yYgPzhtPJXdwR8EjNLz4C7GLyH
B7AuLcF2yYgPzhtPJXdwR8EjNLz4C7GLyH,442,1000000.00,1013725.15,16.6982,30,217758,224290,223908,10-02-2020,16:20:37,B7AuLcF2yYgPzhtPJXdwR8EjNLz4C7GLyH
B7AuLcF2yYgPzhtPJXdwR8EjNLz4C7GLyH,51,1000000.00,1013725.15,16.6982,30,217757,224290,223907,10-02-2020,15:53:25,B7AuLcF2yYgPzhtPJXdwR8EjNLz4C7GLyH
BN1wgJYBL2VUCaCP3TYE6nHB9PNwFA2Gz8,318,348070.00,352847.15,16.6982,30,217756,224290,223906,10-02-2020,15:36:50,BN1wgJYBL2VUCaCP3TYE6nHB9PNwFA2Gz8
B7AuLcF2yYgPzhtPJXdwR8EjNLz4C7GLyH,374,594000.00,602152.15,16.6982,30,217747,224290,223897,10-02-2020,14:37:20,B7AuLcF2yYgPzhtPJXdwR8EjNLz4C7GLyH
B7AuLcF2yYgPzhtPJXdwR8EjNLz4C7GLyH,422,270000.00,273706.15,16.6982,30,217741,224290,223891,10-02-2020,14:17:18,B7AuLcF2yYgPzhtPJXdwR8EjNLz4C7GLyH
B7gYGopY6JmPsFSRB4wSxxadRMZ6NLL3yb,4,100000.00,101372.15,16.6982,30,217678,224085,223828,10-02-2020,07:05:40,B7gYGopY6JmPsFSRB4wSxxadRMZ6NLL3yb
B7gYGopY6JmPsFSRB4wSxxadRMZ6NLL3yb,322,100000.00,101372.15,16.6928,30,217502,223880,223652,10-01-2020,10:03:19,B7gYGopY6JmPsFSRB4wSxxadRMZ6NLL3yb
B7AuLcF2yYgPzhtPJXdwR8EjNLz4C7GLyH,269,250000.00,253430.15,16.6928,30,217401,223880,223551,09-30-2020,22:27:45,B7AuLcF2yYgPzhtPJXdwR8EjNLz4C7GLyH
B7AuLcF2yYgPzhtPJXdwR8EjNLz4C7GLyH,337,250000.00,253430.15,16.6928,30,217399,223880,223549,09-30-2020,22:16:35,B7AuLcF2yYgPzhtPJXdwR8EjNLz4C7GLyH
B7AuLcF2yYgPzhtPJXdwR8EjNLz4C7GLyH,94,20000.00,20274.15,16.6928,30,217396,223880,223546,09-30-2020,21:56:17,B7AuLcF2yYgPzhtPJXdwR8EjNLz4C7GLyH
B7AuLcF2yYgPzhtPJXdwR8EjNLz4C7GLyH,260,200000.00,202745.15,16.6982,30,217394,223880,223544,09-30-2020,21:40:30,B7AuLcF2yYgPzhtPJXdwR8EjNLz4C7GLyH
B7gYGopY6JmPsFSRB4wSxxadRMZ6NLL3yb,403,100000.00,101372.15,16.6928,30,217282,223675,223432,09-30-2020,08:50:49,B7gYGopY6JmPsFSRB4wSxxadRMZ6NLL3yb
B7AuLcF2yYgPzhtPJXdwR8EjNLz4C7GLyH,381,999999.00,1013955.15,16.9796,30,217193,223675,223343,09-29-2020,22:33:46,B7AuLcF2yYgPzhtPJXdwR8EjNLz4C7GLyH
B7AuLcF2yYgPzhtPJXdwR8EjNLz4C7GLyH,114,1000000.00,1013960.15,16.9850,30,217191,223675,223341,09-29-2020,22:15:22,B7AuLcF2yYgPzhtPJXdwR8EjNLz4C7GLyH
BN1wgJYBL2VUCaCP3TYE6nHB9PNwFA2Gz8,79,110829.00,112376.15,16.9850,30,217181,223675,223331,09-29-2020,21:05:47,BN1wgJYBL2VUCaCP3TYE6nHB9PNwFA2Gz8
B7gYGopY6JmPsFSRB4wSxxadRMZ6NLL3yb,82,100000.00,101396.15,16.9850,30,217072,223470,223222,09-29-2020,08:55:15,B7gYGopY6JmPsFSRB4wSxxadRMZ6NLL3yb
BN1wgJYBL2VUCaCP3TYE6nHB9PNwFA2Gz8,259,686409.00,694117.15,13.6626,30,216984,223470,223134,09-28-2020,22:25:40,BN1wgJYBL2VUCaCP3TYE6nHB9PNwFA2Gz8
B7gYGopY6JmPsFSRB4wSxxadRMZ6NLL3yb,78,100000.00,101129.15,13.7384,30,216852,223265,223002,09-28-2020,07:24:16,B7gYGopY6JmPsFSRB4wSxxadRMZ6NLL3yb
B7AuLcF2yYgPzhtPJXdwR8EjNLz4C7GLyH,417,407518.00,412121.15,13.7438,30,216772,223265,222922,09-27-2020,22:33:50,B7AuLcF2yYgPzhtPJXdwR8EjNLz4C7GLyH
B7gYGopY6JmPsFSRB4wSxxadRMZ6NLL3yb,217,100000.00,101141.15,13.8791,30,216643,223060,222793,09-27-2020,06:36:58,B7gYGopY6JmPsFSRB4wSxxadRMZ6NLL3yb
B7gYGopY6JmPsFSRB4wSxxadRMZ6NLL3yb,404,100000.00,101145.15,13.9278,30,216426,222855,222576,09-26-2020,06:09:36,B7gYGopY6JmPsFSRB4wSxxadRMZ6NLL3yb
BPHr5ooeyin5gE4EvRaGLurmG2jaumUzjp,89,1000000.00,1008872.15,16.1911,20,218008,222445,222108,09-23-2020,21:20:39,BPHr5ooeyin5gE4EvRaGLurmG2jaumUzjp
BN1wgJYBL2VUCaCP3TYE6nHB9PNwFA2Gz8,450,308587.00,312229.15,14.3607,30,215918,222445,222068,09-23-2020,16:09:10,BN1wgJYBL2VUCaCP3TYE6nHB9PNwFA2Gz8
BLt1htJPLeQx62ufQ9xmRR5zsnSLbhNEWX,38,110133.00,111433.15,14.3607,30,215910,222445,222060,09-23-2020,15:29:14,BLt1htJPLeQx62ufQ9xmRR5zsnSLbhNEWX
B7AuLcF2yYgPzhtPJXdwR8EjNLz4C7GLyH,449,649557.00,657227.15,14.3661,30,215904,222445,222054,09-23-2020,14:42:58,B7AuLcF2yYgPzhtPJXdwR8EjNLz4C7GLyH
B7AuLcF2yYgPzhtPJXdwR8EjNLz4C7GLyH,174,123330.00,124801.15,14.5068,30,215746,222240,221896,09-22-2020,20:24:23,B7AuLcF2yYgPzhtPJXdwR8EjNLz4C7GLyH
BN1wgJYBL2VUCaCP3TYE6nHB9PNwFA2Gz8,410,573207.00,580067.15,14.5609,30,215739,222240,221889,09-22-2020,19:24:05,BN1wgJYBL2VUCaCP3TYE6nHB9PNwFA2Gz8
B7gYGopY6JmPsFSRB4wSxxadRMZ6NLL3yb,240,100000.00,101197.15,14.5609,30,215638,222035,221788,09-22-2020,08:03:28,B7gYGopY6JmPsFSRB4wSxxadRMZ6NLL3yb
B7gYGopY6JmPsFSRB4wSxxadRMZ6NLL3yb,87,100000.00,101347.15,16.3898,30,214787,221215,220937,09-18-2020,05:39:46,B7gYGopY6JmPsFSRB4wSxxadRMZ6NLL3yb
B7gYGopY6JmPsFSRB4wSxxadRMZ6NLL3yb,127,100000.00,101360.15,16.5467,30,214571,221010,220721,09-17-2020,04:57:25,B7gYGopY6JmPsFSRB4wSxxadRMZ6NLL3yb
B7gYGopY6JmPsFSRB4wSxxadRMZ6NLL3yb,306,100000.00,101373.15,16.7036,30,214390,220805,220540,09-16-2020,07:30:43,B7gYGopY6JmPsFSRB4wSxxadRMZ6NLL3yb
BJgCwqKR24pLDTC8biLC3rjkmiMsanbdWa,101,157.00,166.15,22.4944,90,202085,220805,220535,09-16-2020,17:36:38,BJgCwqKR24pLDTC8biLC3rjkmiMsanbdWa
B7gYGopY6JmPsFSRB4wSxxadRMZ6NLL3yb,469,100000.00,101373.15,16.7036,30,214166,220600,220316,09-15-2020,05:57:00,B7gYGopY6JmPsFSRB4wSxxadRMZ6NLL3yb
BCps2L7D5tWY3rRsSFDRtNcCX9UxtwzAUs,436,25000.00,25343.15,16.7036,30,214150,220600,220300,09-15-2020,04:10:34,BCps2L7D5tWY3rRsSFDRtNcCX9UxtwzAUs
BJgCwqKR24pLDTC8biLC3rjkmiMsanbdWa,21,157.00,166.15,22.6939,90,201667,220395,220117,09-14-2020,17:30:47,BJgCwqKR24pLDTC8biLC3rjkmiMsanbdWa
B7gYGopY6JmPsFSRB4wSxxadRMZ6NLL3yb,305,100000.00,101386.15,16.8659,30,213964,220395,220114,09-14-2020,05:54:22,B7gYGopY6JmPsFSRB4wSxxadRMZ6NLL3yb
BPHr5ooeyin5gE4EvRaGLurmG2jaumUzjp,69,1000000.00,1004322.15,15.7757,10,217997,220395,220047,09-13-2020,19:52:08,BPHr5ooeyin5gE4EvRaGLurmG2jaumUzjp
B7gYGopY6JmPsFSRB4wSxxadRMZ6NLL3yb,121,100000.00,101386.15,16.8659,30,213758,220190,219908,09-13-2020,06:06:59,B7gYGopY6JmPsFSRB4wSxxadRMZ6NLL3yb
B7gYGopY6JmPsFSRB4wSxxadRMZ6NLL3yb,60,100000.00,101386.15,16.8659,30,213544,219985,219694,09-12-2020,05:40:35,B7gYGopY6JmPsFSRB4wSxxadRMZ6NLL3yb
B7gYGopY6JmPsFSRB4wSxxadRMZ6NLL3yb,263,100000.00,101386.15,16.8659,30,213324,219780,219474,09-11-2020,04:20:05,B7gYGopY6JmPsFSRB4wSxxadRMZ6NLL3yb
BTbgCzc3YogmVvBkH6SoN9iJ3G31oxy14M,464,100.00,100.15,15.6494,7,217913,219575,219348,09-10-2020,09:53:14,BTbgCzc3YogmVvBkH6SoN9iJ3G31oxy14M
B7gYGopY6JmPsFSRB4wSxxadRMZ6NLL3yb,225,100000.00,101386.15,16.8659,30,213140,219575,219290,09-10-2020,07:27:40,B7gYGopY6JmPsFSRB4wSxxadRMZ6NLL3yb
B7gYGopY6JmPsFSRB4wSxxadRMZ6NLL3yb,205,100000.00,101386.15,16.8605,30,212910,219370,219060,09-09-2020,04:50:28,B7gYGopY6JmPsFSRB4wSxxadRMZ6NLL3yb
BCps2L7D5tWY3rRsSFDRtNcCX9UxtwzAUs,354,25000.00,25347.15,16.8659,30,212904,219370,219054,09-09-2020,04:00:47,BCps2L7D5tWY3rRsSFDRtNcCX9UxtwzAUs
B7gYGopY6JmPsFSRB4wSxxadRMZ6NLL3yb,435,100000.00,101386.15,16.8659,30,212700,219165,218850,09-08-2020,04:45:38,B7gYGopY6JmPsFSRB4wSxxadRMZ6NLL3yb
BQXj5kV9LVUZGF4ipFCRmkzBbZu366grJt,343,512000.00,542460.15,24.1274,90,200268,218960,218718,09-07-2020,23:50:33,BQXj5kV9LVUZGF4ipFCRmkzBbZu366grJt
B7gYGopY6JmPsFSRB4wSxxadRMZ6NLL3yb,6,100000.00,101386.15,16.8659,30,212498,218960,218648,09-07-2020,05:14:50,B7gYGopY6JmPsFSRB4wSxxadRMZ6NLL3yb
BQXj5kV9LVUZGF4ipFCRmkzBbZu366grJt,182,512000.00,543034.15,24.5824,90,200085,218960,218535,09-07-2020,02:41:52,BQXj5kV9LVUZGF4ipFCRmkzBbZu366grJt
B7gYGopY6JmPsFSRB4wSxxadRMZ6NLL3yb,317,100000.00,101386.15,16.8659,30,212302,218755,218452,09-06-2020,06:00:14,B7gYGopY6JmPsFSRB4wSxxadRMZ6NLL3yb
BQXj5kV9LVUZGF4ipFCRmkzBbZu366grJt,150,777777.00,825878.15,25.0810,90,199820,218550,218270,09-05-2020,20:17:31,BQXj5kV9LVUZGF4ipFCRmkzBbZu366grJt
B7gYGopY6JmPsFSRB4wSxxadRMZ6NLL3yb,470,100000.00,101388.15,16.8876,30,212092,218550,218242,09-05-2020,05:36:54,B7gYGopY6JmPsFSRB4wSxxadRMZ6NLL3yb
B7gYGopY6JmPsFSRB4wSxxadRMZ6NLL3yb,131,100000.00,101401.15,17.0445,30,211885,218345,218035,09-04-2020,06:02:19,B7gYGopY6JmPsFSRB4wSxxadRMZ6NLL3yb
BQXj5kV9LVUZGF4ipFCRmkzBbZu366grJt,172,384000.00,408185.15,25.5423,90,199573,218345,218023,09-04-2020,16:34:36,BQXj5kV9LVUZGF4ipFCRmkzBbZu366grJt
BPYfgwWmeQXMmXK5zyATQWodzrvPAuG5jT,135,1000000.00,1063073.15,25.5797,90,199508,218345,217958,09-04-2020,09:16:51,BGbXQ3X87AYuXAjTS5uTocf9iiXCCfb7cB
BCps2L7D5tWY3rRsSFDRtNcCX9UxtwzAUs,335,25000.00,25350.15,17.0445,30,211755,218140,217905,09-03-2020,15:37:26,BCps2L7D5tWY3rRsSFDRtNcCX9UxtwzAUs
B7gYGopY6JmPsFSRB4wSxxadRMZ6NLL3yb,367,100000.00,101401.15,17.0445,30,211703,218140,217853,09-03-2020,09:27:56,B7gYGopY6JmPsFSRB4wSxxadRMZ6NLL3yb
BNaUGAyKSSzo7DYTz5UYwxbzDJBXMWJgV3,425,1000000.00,1015522.15,17.1685,33,210991,218140,217756,09-02-2020,22:15:09,BNaUGAyKSSzo7DYTz5UYwxbzDJBXMWJgV3
B7gYGopY6JmPsFSRB4wSxxadRMZ6NLL3yb,245,100000.00,101401.15,17.0445,30,211458,217935,217608,09-02-2020,04:54:49,B7gYGopY6JmPsFSRB4wSxxadRMZ6NLL3yb
BNaUGAyKSSzo7DYTz5UYwxbzDJBXMWJgV3,111,1000000.00,1015019.15,17.1308,32,210984,217935,217544,09-01-2020,21:38:00,BNaUGAyKSSzo7DYTz5UYwxbzDJBXMWJgV3
BNaUGAyKSSzo7DYTz5UYwxbzDJBXMWJgV3,324,1000000.00,1014522.15,17.0985,31,210973,217730,217328,08-31-2020,20:30:07,BNaUGAyKSSzo7DYTz5UYwxbzDJBXMWJgV3
B7gYGopY6JmPsFSRB4wSxxadRMZ6NLL3yb,198,100000.00,101400.15,17.0391,30,211054,217525,217204,08-31-2020,06:30:58,B7gYGopY6JmPsFSRB4wSxxadRMZ6NLL3yb
BNaUGAyKSSzo7DYTz5UYwxbzDJBXMWJgV3,177,1000000.00,1014023.15,17.0607,30,210966,217525,217116,08-30-2020,19:44:56,BNaUGAyKSSzo7DYTz5UYwxbzDJBXMWJgV3
B7gYGopY6JmPsFSRB4wSxxadRMZ6NLL3yb,473,100000.00,101402.15,17.0607,30,210871,217320,217021,08-30-2020,08:58:55,B7gYGopY6JmPsFSRB4wSxxadRMZ6NLL3yb
B7gYGopY6JmPsFSRB4wSxxadRMZ6NLL3yb,75,100000.00,101402.15,17.0607,30,210672,217115,216822,08-29-2020,10:19:49,B7gYGopY6JmPsFSRB4wSxxadRMZ6NLL3yb
B7gYGopY6JmPsFSRB4wSxxadRMZ6NLL3yb,267,100000.00,101402.15,17.0607,30,210441,216910,216591,08-28-2020,07:19:08,B7gYGopY6JmPsFSRB4wSxxadRMZ6NLL3yb
B7gYGopY6JmPsFSRB4wSxxadRMZ6NLL3yb,143,100000.00,101407.15,17.1148,30,209917,216295,216067,08-25-2020,17:57:37,B7gYGopY6JmPsFSRB4wSxxadRMZ6NLL3yb
B7gYGopY6JmPsFSRB4wSxxadRMZ6NLL3yb,455,100000.00,101407.15,17.1148,30,209613,216090,215763,08-24-2020,06:15:01,B7gYGopY6JmPsFSRB4wSxxadRMZ6NLL3yb
B7gYGopY6JmPsFSRB4wSxxadRMZ6NLL3yb,214,100000.00,101411.15,17.1689,30,209313,215885,215463,08-22-2020,19:55:34,B7gYGopY6JmPsFSRB4wSxxadRMZ6NLL3yb
B7gYGopY6JmPsFSRB4wSxxadRMZ6NLL3yb,376,100000.00,101454.15,17.6884,30,209092,215475,215242,08-21-2020,18:13:36,B7gYGopY6JmPsFSRB4wSxxadRMZ6NLL3yb
B7gYGopY6JmPsFSRB4wSxxadRMZ6NLL3yb,53,100000.00,101458.15,17.7371,30,208782,215270,214932,08-20-2020,06:18:03,B7gYGopY6JmPsFSRB4wSxxadRMZ6NLL3yb
B7gYGopY6JmPsFSRB4wSxxadRMZ6NLL3yb,67,100000.00,101451.15,17.6505,30,208395,214860,214545,08-18-2020,08:33:18,B7gYGopY6JmPsFSRB4wSxxadRMZ6NLL3yb
B7gYGopY6JmPsFSRB4wSxxadRMZ6NLL3yb,97,100000.00,101451.15,17.6559,30,208108,214655,214258,08-16-2020,23:04:49,B7gYGopY6JmPsFSRB4wSxxadRMZ6NLL3yb
B7gYGopY6JmPsFSRB4wSxxadRMZ6NLL3yb,56,100000.00,101451.15,17.6505,30,207811,214245,213961,08-15-2020,12:18:49,B7gYGopY6JmPsFSRB4wSxxadRMZ6NLL3yb
B7gYGopY6JmPsFSRB4wSxxadRMZ6NLL3yb,200,100000.00,101451.15,17.6505,30,207600,214040,213750,08-14-2020,11:33:26,B7gYGopY6JmPsFSRB4wSxxadRMZ6NLL3yb
B7gYGopY6JmPsFSRB4wSxxadRMZ6NLL3yb,253,100000.00,101451.15,17.6505,30,207373,213835,213523,08-13-2020,09:45:03,B7gYGopY6JmPsFSRB4wSxxadRMZ6NLL3yb
B7gYGopY6JmPsFSRB4wSxxadRMZ6NLL3yb,440,100000.00,101453.15,17.6830,30,207157,213630,213307,08-12-2020,08:20:39,B7gYGopY6JmPsFSRB4wSxxadRMZ6NLL3yb
BCps2L7D5tWY3rRsSFDRtNcCX9UxtwzAUs,234,25000.00,25077.15,16.0520,7,211755,213425,213190,08-11-2020,15:38:03,BCps2L7D5tWY3rRsSFDRtNcCX9UxtwzAUs
BLt1htJPLeQx62ufQ9xmRR5zsnSLbhNEWX,373,100000.00,101458.15,17.7425,30,206993,213425,213143,08-11-2020,13:46:17,BLt1htJPLeQx62ufQ9xmRR5zsnSLbhNEWX
B7gYGopY6JmPsFSRB4wSxxadRMZ6NLL3yb,3,100000.00,101458.15,17.7425,30,206920,213425,213070,08-11-2020,05:16:40,B7gYGopY6JmPsFSRB4wSxxadRMZ6NLL3yb
B7gYGopY6JmPsFSRB4wSxxadRMZ6NLL3yb,277,100000.00,101469.15,17.8670,30,206640,213220,212790,08-09-2020,21:07:33,B7gYGopY6JmPsFSRB4wSxxadRMZ6NLL3yb
B7gYGopY6JmPsFSRB4wSxxadRMZ6NLL3yb,428,100000.00,101469.15,17.8670,30,206440,213015,212590,08-08-2020,20:43:55,B7gYGopY6JmPsFSRB4wSxxadRMZ6NLL3yb
BAbnRdkyeyW9JC6j3BQrNr6osodsqdT9hW,40,35000.00,35108.15,16.0673,7,210419,212195,211854,08-05-2020,04:30:17,BAbnRdkyeyW9JC6j3BQrNr6osodsqdT9hW
BQXj5kV9LVUZGF4ipFCRmkzBbZu366grJt,264,1000000.00,1014747.15,17.9427,30,205703,212195,211853,08-05-2020,03:20:10,BQXj5kV9LVUZGF4ipFCRmkzBbZu366grJt
B5Hc3HVfhWpNoK7NYhaip4idKDxDAqAPPN,139,100000.00,101475.15,17.9427,30,205561,211990,211711,08-04-2020,11:14:22,B5Hc3HVfhWpNoK7NYhaip4idKDxDAqAPPN
BQXj5kV9LVUZGF4ipFCRmkzBbZu366grJt,345,1000000.00,1014752.15,17.9481,30,205029,211580,211179,08-01-2020,22:07:42,BQXj5kV9LVUZGF4ipFCRmkzBbZu366grJt
BQXj5kV9LVUZGF4ipFCRmkzBbZu366grJt,25,1000000.00,1014756.15,17.9535,30,204663,211170,210813,07-31-2020,02:32:13,BQXj5kV9LVUZGF4ipFCRmkzBbZu366grJt
B7gYGopY6JmPsFSRB4wSxxadRMZ6NLL3yb,33,100000.00,101476.15,17.9535,30,204057,210555,210207,07-28-2020,05:31:13,B7gYGopY6JmPsFSRB4wSxxadRMZ6NLL3yb
BQXj5kV9LVUZGF4ipFCRmkzBbZu366grJt,175,1000000.00,1014765.15,17.9643,30,203610,210145,209760,07-26-2020,01:18:12,BQXj5kV9LVUZGF4ipFCRmkzBbZu366grJt
BQXj5kV9LVUZGF4ipFCRmkzBbZu366grJt,394,1000000.00,1015130.15,18.4080,30,203159,209735,209309,07-23-2020,20:58:33,BQXj5kV9LVUZGF4ipFCRmkzBbZu366grJt
BQXj5kV9LVUZGF4ipFCRmkzBbZu366grJt,103,1000000.00,1015624.15,19.0087,30,202728,209120,208878,07-21-2020,18:48:25,BQXj5kV9LVUZGF4ipFCRmkzBbZu366grJt
BQXj5kV9LVUZGF4ipFCRmkzBbZu366grJt,262,512000.00,519999.15,19.0087,30,202478,208915,208628,07-20-2020,13:59:36,BQXj5kV9LVUZGF4ipFCRmkzBbZu366grJt
BJgCwqKR24pLDTC8biLC3rjkmiMsanbdWa,227,157.00,159.15,19.0087,30,202408,208915,208558,07-20-2020,05:52:16,BJgCwqKR24pLDTC8biLC3rjkmiMsanbdWa
BJgCwqKR24pLDTC8biLC3rjkmiMsanbdWa,265,157.00,160.15,19.5281,30,202268,208710,208418,07-19-2020,13:46:35,BJgCwqKR24pLDTC8biLC3rjkmiMsanbdWa
BQXj5kV9LVUZGF4ipFCRmkzBbZu366grJt,106,1000000.00,1173042.15,35.0890,180,171481,208710,208381,07-21-2020,14:59:50,BQXj5kV9LVUZGF4ipFCRmkzBbZu366grJt
BNaUGAyKSSzo7DYTz5UYwxbzDJBXMWJgV3,388,200012.00,200655.15,16.7654,7,206767,208505,208202,07-18-2020,11:28:19,BNaUGAyKSSzo7DYTz5UYwxbzDJBXMWJgV3
BJgCwqKR24pLDTC8biLC3rjkmiMsanbdWa,136,157.00,160.15,19.5281,30,201992,208505,208142,07-18-2020,06:51:45,BJgCwqKR24pLDTC8biLC3rjkmiMsanbdWa
BNaUGAyKSSzo7DYTz5UYwxbzDJBXMWJgV3,414,592300.00,594211.15,16.8266,7,206658,208505,208093,07-17-2020,23:24:13,BNaUGAyKSSzo7DYTz5UYwxbzDJBXMWJgV3
BNaUGAyKSSzo7DYTz5UYwxbzDJBXMWJgV3,209,1000000.00,1003227.15,16.8266,7,206656,208505,208091,07-17-2020,22:50:57,BNaUGAyKSSzo7DYTz5UYwxbzDJBXMWJgV3
BNaUGAyKSSzo7DYTz5UYwxbzDJBXMWJgV3,361,564379.00,566741.15,16.9734,9,206240,208505,208085,07-17-2020,19:14:20,BNaUGAyKSSzo7DYTz5UYwxbzDJBXMWJgV3
BNaUGAyKSSzo7DYTz5UYwxbzDJBXMWJgV3,173,448507.00,450599.15,17.0239,10,206025,208505,208075,07-17-2020,17:06:27,BNaUGAyKSSzo7DYTz5UYwxbzDJBXMWJgV3
BNaUGAyKSSzo7DYTz5UYwxbzDJBXMWJgV3,424,1000000.00,1004664.15,17.0239,10,206022,208300,208072,07-17-2020,16:44:47,BNaUGAyKSSzo7DYTz5UYwxbzDJBXMWJgV3
BNaUGAyKSSzo7DYTz5UYwxbzDJBXMWJgV3,133,1000000.00,1004186.15,16.9785,9,206216,208300,208061,07-17-2020,16:10:58,BNaUGAyKSSzo7DYTz5UYwxbzDJBXMWJgV3
BNaUGAyKSSzo7DYTz5UYwxbzDJBXMWJgV3,20,100000.00,100466.15,17.0239,10,206008,208300,208058,07-17-2020,14:19:34,BNaUGAyKSSzo7DYTz5UYwxbzDJBXMWJgV3
BJgCwqKR24pLDTC8biLC3rjkmiMsanbdWa,237,157.00,160.15,19.7511,31,201671,208300,208026,07-17-2020,17:43:55,BJgCwqKR24pLDTC8biLC3rjkmiMsanbdWa
BNaUGAyKSSzo7DYTz5UYwxbzDJBXMWJgV3,384,286760.00,287820.15,16.8718,8,206357,208300,207997,07-17-2020,09:36:36,BNaUGAyKSSzo7DYTz5UYwxbzDJBXMWJgV3
BNaUGAyKSSzo7DYTz5UYwxbzDJBXMWJgV3,152,9000.00,9033.15,16.8718,8,206328,208300,207968,07-17-2020,06:00:01,BNaUGAyKSSzo7DYTz5UYwxbzDJBXMWJgV3
BQXj5kV9LVUZGF4ipFCRmkzBbZu366grJt,472,512000.00,605121.15,36.8808,180,171053,208300,207953,07-19-2020,15:10:21,BQXj5kV9LVUZGF4ipFCRmkzBbZu366grJt
BJgCwqKR24pLDTC8biLC3rjkmiMsanbdWa,319,157.00,160.15,19.7013,30,201777,208300,207927,07-17-2020,06:12:06,BJgCwqKR24pLDTC8biLC3rjkmiMsanbdWa
BQXj5kV9LVUZGF4ipFCRmkzBbZu366grJt,96,512000.00,520293.15,19.7067,30,201650,208095,207800,07-16-2020,15:20:21,BQXj5kV9LVUZGF4ipFCRmkzBbZu366grJt
BJgCwqKR24pLDTC8biLC3rjkmiMsanbdWa,105,157.00,159.15,19.6514,29,201773,208095,207718,07-16-2020,05:57:00,BJgCwqKR24pLDTC8biLC3rjkmiMsanbdWa
BJgCwqKR24pLDTC8biLC3rjkmiMsanbdWa,70,314.00,319.15,19.7067,30,201567,208095,207717,07-16-2020,06:08:20,BJgCwqKR24pLDTC8biLC3rjkmiMsanbdWa
BJgCwqKR24pLDTC8biLC3rjkmiMsanbdWa,332,157.00,160.15,19.7121,30,201357,207890,207507,07-15-2020,06:03:19,BJgCwqKR24pLDTC8biLC3rjkmiMsanbdWa
BJgCwqKR24pLDTC8biLC3rjkmiMsanbdWa,308,157.00,160.15,19.7121,30,201353,207890,207503,07-15-2020,05:27:30,BJgCwqKR24pLDTC8biLC3rjkmiMsanbdWa
BJgCwqKR24pLDTC8biLC3rjkmiMsanbdWa,157,157.00,160.15,19.7121,30,201353,207890,207503,07-15-2020,05:27:21,BJgCwqKR24pLDTC8biLC3rjkmiMsanbdWa
BJgCwqKR24pLDTC8biLC3rjkmiMsanbdWa,291,157.00,160.15,19.7121,30,201274,207685,207424,07-14-2020,20:19:40,BJgCwqKR24pLDTC8biLC3rjkmiMsanbdWa
BJgCwqKR24pLDTC8biLC3rjkmiMsanbdWa,412,157.00,160.15,19.7121,30,201247,207685,207397,07-14-2020,17:06:45,BJgCwqKR24pLDTC8biLC3rjkmiMsanbdWa
BJgCwqKR24pLDTC8biLC3rjkmiMsanbdWa,270,157.00,160.15,19.7121,30,201203,207685,207353,07-14-2020,12:05:48,BJgCwqKR24pLDTC8biLC3rjkmiMsanbdWa
BJgCwqKR24pLDTC8biLC3rjkmiMsanbdWa,402,157.00,160.15,19.7121,30,201170,207685,207320,07-14-2020,08:04:43,BJgCwqKR24pLDTC8biLC3rjkmiMsanbdWa
BJgCwqKR24pLDTC8biLC3rjkmiMsanbdWa,100,157.00,160.15,19.7121,30,201151,207685,207301,07-14-2020,05:56:32,BJgCwqKR24pLDTC8biLC3rjkmiMsanbdWa
BJgCwqKR24pLDTC8biLC3rjkmiMsanbdWa,342,157.00,160.15,19.7067,30,201059,207480,207209,07-13-2020,19:55:27,BJgCwqKR24pLDTC8biLC3rjkmiMsanbdWa
BJgCwqKR24pLDTC8biLC3rjkmiMsanbdWa,160,157.00,160.15,19.7067,30,201023,207480,207173,07-13-2020,16:09:09,BJgCwqKR24pLDTC8biLC3rjkmiMsanbdWa
BJgCwqKR24pLDTC8biLC3rjkmiMsanbdWa,363,157.00,160.15,19.7067,30,200953,207480,207103,07-13-2020,07:54:29,BJgCwqKR24pLDTC8biLC3rjkmiMsanbdWa
BJgCwqKR24pLDTC8biLC3rjkmiMsanbdWa,439,157.00,160.15,19.7067,30,200939,207480,207089,07-13-2020,06:13:30,BJgCwqKR24pLDTC8biLC3rjkmiMsanbdWa
BJgCwqKR24pLDTC8biLC3rjkmiMsanbdWa,261,177.00,180.15,19.7067,30,200939,207480,207089,07-13-2020,06:12:23,BJgCwqKR24pLDTC8biLC3rjkmiMsanbdWa
BJgCwqKR24pLDTC8biLC3rjkmiMsanbdWa,142,320.00,325.15,19.7391,30,200782,207275,206932,07-12-2020,11:17:42,BJgCwqKR24pLDTC8biLC3rjkmiMsanbdWa
BJgCwqKR24pLDTC8biLC3rjkmiMsanbdWa,250,150.00,152.15,19.7391,30,200743,207275,206893,07-12-2020,06:42:15,BJgCwqKR24pLDTC8biLC3rjkmiMsanbdWa
BJgCwqKR24pLDTC8biLC3rjkmiMsanbdWa,95,140.00,142.15,20.0097,30,200642,207070,206792,07-11-2020,19:19:03,BJgCwqKR24pLDTC8biLC3rjkmiMsanbdWa
BJgCwqKR24pLDTC8biLC3rjkmiMsanbdWa,370,160.00,163.15,20.0097,30,200602,207070,206752,07-11-2020,14:34:31,BJgCwqKR24pLDTC8biLC3rjkmiMsanbdWa
BJgCwqKR24pLDTC8biLC3rjkmiMsanbdWa,109,200.00,203.15,20.0097,30,200525,207070,206675,07-11-2020,05:32:03,BJgCwqKR24pLDTC8biLC3rjkmiMsanbdWa
BSZ9Ag8qpEp893nnmawFzw59c1CKBt8xjR,148,100000.00,101690.15,20.5562,30,200445,206865,206595,07-10-2020,19:46:19,BSZ9Ag8qpEp893nnmawFzw59c1CKBt8xjR
BJgCwqKR24pLDTC8biLC3rjkmiMsanbdWa,59,190.00,193.15,20.5562,30,200434,206865,206584,07-10-2020,18:38:34,BJgCwqKR24pLDTC8biLC3rjkmiMsanbdWa
BJgCwqKR24pLDTC8biLC3rjkmiMsanbdWa,312,197.00,200.15,20.5562,30,200407,206865,206557,07-10-2020,15:45:03,BJgCwqKR24pLDTC8biLC3rjkmiMsanbdWa
BJgCwqKR24pLDTC8biLC3rjkmiMsanbdWa,372,290.00,295.15,20.5562,30,200373,206865,206523,07-10-2020,11:40:27,BJgCwqKR24pLDTC8biLC3rjkmiMsanbdWa
BJgCwqKR24pLDTC8biLC3rjkmiMsanbdWa,336,190.00,193.15,20.9458,30,200215,206660,206365,07-09-2020,17:37:40,BJgCwqKR24pLDTC8biLC3rjkmiMsanbdWa
BAj9eAeV6dwBwikb4ccgkoptjQKgCeK9jB,48,3000.00,3010.15,16.9081,7,204313,206045,205748,07-06-2020,10:38:33,BAj9eAeV6dwBwikb4ccgkoptjQKgCeK9jB
BQXj5kV9LVUZGF4ipFCRmkzBbZu366grJt,164,1000000.00,1003324.15,17.3311,7,203199,205020,204634,07-01-2020,01:50:55,BQXj5kV9LVUZGF4ipFCRmkzBbZu366grJt
BJgCwqKR24pLDTC8biLC3rjkmiMsanbdWa,397,157.00,158.15,18.7089,10,201563,203995,203613,06-26-2020,05:59:48,BJgCwqKR24pLDTC8biLC3rjkmiMsanbdWa
BJgCwqKR24pLDTC8biLC3rjkmiMsanbdWa,188,157.00,158.15,18.5592,7,201563,203380,202998,06-23-2020,05:56:51,BJgCwqKR24pLDTC8biLC3rjkmiMsanbdWa
BM2e5zvdEf8jcosQdhP6e7NRs8kEMqJy7U,448,1000000.00,1003560.15,18.5643,7,201560,203380,202995,06-23-2020,05:21:53,BM2e5zvdEf8jcosQdhP6e7NRs8kEMqJy7U
BM2e5zvdEf8jcosQdhP6e7NRs8kEMqJy7U,362,1000000.00,1004011.15,20.9135,7,199480,201330,200915,06-13-2020,06:07:43,BM2e5zvdEf8jcosQdhP6e7NRs8kEMqJy7U
BCps2L7D5tWY3rRsSFDRtNcCX9UxtwzAUs,80,25000.00,25043.15,9.0503,7,198989,200715,200424,06-10-2020,18:08:18,BCps2L7D5tWY3rRsSFDRtNcCX9UxtwzAUs
B65pLo4i5wirnkq7kB5nwrVfU3ho6WtdUq,385,20000.00,20046.15,10.4082,8,193174,195180,194814,05-14-2020,14:01:06,B65pLo4i5wirnkq7kB5nwrVfU3ho6WtdUq
BDwoudPjXciK94pxA3bztGbEnT3sfC9UK6,282,10000.00,10095.15,11.5740,30,188555,194975,194705,05-14-2020,08:22:51,BDwoudPjXciK94pxA3bztGbEnT3sfC9UK6
B65pLo4i5wirnkq7kB5nwrVfU3ho6WtdUq,257,10000.00,10020.15,10.3803,7,193174,194975,194609,05-13-2020,14:00:52,B65pLo4i5wirnkq7kB5nwrVfU3ho6WtdUq
B65pLo4i5wirnkq7kB5nwrVfU3ho6WtdUq,49,150000.00,150299.15,10.3803,7,192878,194565,194313,05-12-2020,04:47:07,B65pLo4i5wirnkq7kB5nwrVfU3ho6WtdUq
BPChFuc6wFRUEjDHaX4sZyHdqUeXj7QRgQ,349,718000.00,724830.15,11.5740,30,186453,192925,192603,05-04-2020,06:13:39,BPChFuc6wFRUEjDHaX4sZyHdqUeXj7QRgQ
B9LKjFjjSitSbHcPHKiHaRmU7nRcbQfHYA,456,1000000.00,1009522.15,11.5848,30,186440,192925,192590,05-04-2020,04:49:00,B9LKjFjjSitSbHcPHKiHaRmU7nRcbQfHYA
B6hM2heXgySePwGbsobXjQjQYDNTVksZGo,301,1000000.00,1009531.15,11.5957,30,186440,192925,192590,05-04-2020,04:48:06,B6hM2heXgySePwGbsobXjQjQYDNTVksZGo
BLpAqYhjuxJAfTC9yJBUxzUyNfDFfiduip,130,100000.00,105633.15,22.8434,90,173243,192105,191693,04-30-2020,21:25:42,BLpAqYhjuxJAfTC9yJBUxzUyNfDFfiduip
BCQRwo7G3LqUURdJoKrH1SSBVPh7S26B2q,438,7500.00,7566.15,11.5100,28,184883,190875,190623,04-24-2020,15:16:25,BCQRwo7G3LqUURdJoKrH1SSBVPh7S26B2q
BGz1NwRvia3hzCqp4LurrHZAnJqc6BaaxA,178,10000.00,10065.15,11.3050,21,184883,189440,189188,04-17-2020,15:15:31,BGz1NwRvia3hzCqp4LurrHZAnJqc6BaaxA
BGz1NwRvia3hzCqp4LurrHZAnJqc6BaaxA,369,7500.00,7516.15,10.8950,7,187066,188825,188501,04-14-2020,04:19:48,BGz1NwRvia3hzCqp4LurrHZAnJqc6BaaxA
BCQRwo7G3LqUURdJoKrH1SSBVPh7S26B2q,326,2000.00,2004.15,10.8950,7,187066,188825,188501,04-14-2020,04:20:50,BCQRwo7G3LqUURdJoKrH1SSBVPh7S26B2q
B5Bs3sxaw1VYNCdDRmzCDZDZT92mFmQSi3,208,200000.00,200418.15,10.8950,7,186802,188620,188237,04-12-2020,21:52:56,B5Bs3sxaw1VYNCdDRmzCDZDZT92mFmQSi3
BBPmp88ueiAjhMnx3EXgxfpDJzG9PFXDjj,165,50000.00,50104.15,10.8950,7,186762,188620,188197,04-12-2020,17:02:49,BBPmp88ueiAjhMnx3EXgxfpDJzG9PFXDjj
B5Bs3sxaw1VYNCdDRmzCDZDZT92mFmQSi3,365,50000.00,50104.15,10.8950,7,186760,188620,188195,04-12-2020,16:45:32,B5Bs3sxaw1VYNCdDRmzCDZDZT92mFmQSi3
BJxfXErViKkpgDMaqzQNyATMJjEVd7VFck,167,5000.00,5021.15,11.1000,14,184883,188005,187753,04-10-2020,15:14:20,BJxfXErViKkpgDMaqzQNyATMJjEVd7VFck
BGz1NwRvia3hzCqp4LurrHZAnJqc6BaaxA,26,40088.00,40362.15,11.8602,21,182589,187185,186894,04-05-2020,16:49:21,BGz1NwRvia3hzCqp4LurrHZAnJqc6BaaxA
BCQRwo7G3LqUURdJoKrH1SSBVPh7S26B2q,375,5000.00,5050.15,12.1368,30,180444,186980,186594,04-04-2020,15:26:01,BCQRwo7G3LqUURdJoKrH1SSBVPh7S26B2q
B65pLo4i5wirnkq7kB5nwrVfU3ho6WtdUq,212,50000.00,50135.15,10.9536,9,184705,186980,186550,04-04-2020,17:57:12,B65pLo4i5wirnkq7kB5nwrVfU3ho6WtdUq
B65pLo4i5wirnkq7kB5nwrVfU3ho6WtdUq,195,50000.00,50120.15,10.9243,8,184705,186775,186345,04-03-2020,17:57:08,B65pLo4i5wirnkq7kB5nwrVfU3ho6WtdUq
BLENRYgVPwzfsrJoJNbvC537qMHsCVyeFU,176,500000.00,501045.15,10.8950,7,184882,186570,186317,04-03-2020,14:58:27,BLENRYgVPwzfsrJoJNbvC537qMHsCVyeFU
B65pLo4i5wirnkq7kB5nwrVfU3ho6WtdUq,120,50000.00,50104.15,10.8950,7,184705,186570,186140,04-02-2020,17:57:04,B65pLo4i5wirnkq7kB5nwrVfU3ho6WtdUq
BFQVf7KbTAGfZFaPiHSwU4qAUd5Cwmy4CU,57,100.00,100.15,11.4301,7,184271,185955,185706,03-30-2020,13:55:25,BFQVf7KbTAGfZFaPiHSwU4qAUd5Cwmy4CU
BPChFuc6wFRUEjDHaX4sZyHdqUeXj7QRgQ,44,691621.00,698603.15,12.2829,30,178942,185340,185092,03-28-2020,14:34:04,BPChFuc6wFRUEjDHaX4sZyHdqUeXj7QRgQ
B9LKjFjjSitSbHcPHKiHaRmU7nRcbQfHYA,125,1000000.00,1010109.15,12.2991,30,178940,185340,185090,03-28-2020,14:20:50,B9LKjFjjSitSbHcPHKiHaRmU7nRcbQfHYA
B6hM2heXgySePwGbsobXjQjQYDNTVksZGo,290,1000000.00,1010100.15,12.2883,30,178940,185340,185090,03-28-2020,14:21:37,B6hM2heXgySePwGbsobXjQjQYDNTVksZGo
B65pLo4i5wirnkq7kB5nwrVfU3ho6WtdUq,13,50000.00,50158.15,11.5222,10,182460,184930,184510,03-25-2020,01:57:41,B65pLo4i5wirnkq7kB5nwrVfU3ho6WtdUq
B65pLo4i5wirnkq7kB5nwrVfU3ho6WtdUq,22,50000.00,50142.15,11.4915,9,182460,184725,184305,03-24-2020,01:57:38,B65pLo4i5wirnkq7kB5nwrVfU3ho6WtdUq
B65pLo4i5wirnkq7kB5nwrVfU3ho6WtdUq,72,50000.00,50126.15,11.4608,8,182460,184520,184100,03-23-2020,01:57:33,B65pLo4i5wirnkq7kB5nwrVfU3ho6WtdUq
B65pLo4i5wirnkq7kB5nwrVfU3ho6WtdUq,132,50000.00,50110.15,11.4301,7,182460,184315,183895,03-22-2020,01:57:29,B65pLo4i5wirnkq7kB5nwrVfU3ho6WtdUq
BCQRwo7G3LqUURdJoKrH1SSBVPh7S26B2q,2,3333.00,3356.15,11.9977,21,179058,183700,183363,03-20-2020,03:30:58,BCQRwo7G3LqUURdJoKrH1SSBVPh7S26B2q
BJxfXErViKkpgDMaqzQNyATMJjEVd7VFck,235,3000.00,3007.15,11.4301,7,181309,183085,182744,03-16-2020,16:44:50,BJxfXErViKkpgDMaqzQNyATMJjEVd7VFck
BJxfXErViKkpgDMaqzQNyATMJjEVd7VFck,443,1000.00,1003.15,11.4608,8,180444,182470,182084,03-13-2020,15:24:42,BJxfXErViKkpgDMaqzQNyATMJjEVd7VFck
BLENRYgVPwzfsrJoJNbvC537qMHsCVyeFU,434,250000.00,250548.15,11.4301,7,180572,182265,182007,03-13-2020,05:41:07,BLENRYgVPwzfsrJoJNbvC537qMHsCVyeFU
B65pLo4i5wirnkq7kB5nwrVfU3ho6WtdUq,15,50000.00,50110.15,11.4301,7,180532,182265,181967,03-13-2020,01:25:13,B65pLo4i5wirnkq7kB5nwrVfU3ho6WtdUq
BGz1NwRvia3hzCqp4LurrHZAnJqc6BaaxA,398,40000.00,40088.15,11.4301,7,180444,182265,181879,03-12-2020,15:23:30,BGz1NwRvia3hzCqp4LurrHZAnJqc6BaaxA
BJxfXErViKkpgDMaqzQNyATMJjEVd7VFck,191,2700.00,2706.15,11.5626,7,179058,180830,180493,03-06-2020,03:29:26,BJxfXErViKkpgDMaqzQNyATMJjEVd7VFck
B65pLo4i5wirnkq7kB5nwrVfU3ho6WtdUq,92,200000.00,200444.15,11.5829,7,178658,180420,180093,03-04-2020,06:34:30,B65pLo4i5wirnkq7kB5nwrVfU3ho6WtdUq
BLENRYgVPwzfsrJoJNbvC537qMHsCVyeFU,458,100000.00,101565.15,19.0357,30,173697,180215,179847,03-04-2020,00:29:43,BLENRYgVPwzfsrJoJNbvC537qMHsCVyeFU
BLENRYgVPwzfsrJoJNbvC537qMHsCVyeFU,281,103400.00,105501.15,21.8138,34,172632,180010,179602,03-03-2020,00:28:28,BLENRYgVPwzfsrJoJNbvC537qMHsCVyeFU
BGz1NwRvia3hzCqp4LurrHZAnJqc6BaaxA,187,25000.00,25493.15,21.8245,33,172645,179805,179410,03-02-2020,02:03:44,BGz1NwRvia3hzCqp4LurrHZAnJqc6BaaxA
BLENRYgVPwzfsrJoJNbvC537qMHsCVyeFU,284,103300.00,105332.15,21.7591,33,172632,179805,179397,03-02-2020,00:28:22,BLENRYgVPwzfsrJoJNbvC537qMHsCVyeFU
BLENRYgVPwzfsrJoJNbvC537qMHsCVyeFU,249,100000.00,101909.15,21.7697,32,172753,179600,179313,03-01-2020,14:02:59,BLENRYgVPwzfsrJoJNbvC537qMHsCVyeFU
BLENRYgVPwzfsrJoJNbvC537qMHsCVyeFU,11,103200.00,105164.15,21.7044,32,172632,179600,179192,03-01-2020,00:28:11,BLENRYgVPwzfsrJoJNbvC537qMHsCVyeFU
BLENRYgVPwzfsrJoJNbvC537qMHsCVyeFU,88,100000.00,101844.15,21.7149,31,172753,179395,179108,02-29-2020,14:02:54,BLENRYgVPwzfsrJoJNbvC537qMHsCVyeFU
BLENRYgVPwzfsrJoJNbvC537qMHsCVyeFU,46,103100.00,104996.15,21.6552,31,172629,179395,178984,02-29-2020,00:04:51,BLENRYgVPwzfsrJoJNbvC537qMHsCVyeFU
BLENRYgVPwzfsrJoJNbvC537qMHsCVyeFU,207,100000.00,101781.15,21.6654,30,172753,179190,178903,02-28-2020,14:02:47,BLENRYgVPwzfsrJoJNbvC537qMHsCVyeFU
BLENRYgVPwzfsrJoJNbvC537qMHsCVyeFU,58,103000.00,104829.15,21.6005,30,172629,179190,178779,02-28-2020,00:04:45,BLENRYgVPwzfsrJoJNbvC537qMHsCVyeFU
BCQRwo7G3LqUURdJoKrH1SSBVPh7S26B2q,350,5000.00,5013.15,13.1321,7,177156,178985,178591,02-26-2020,05:36:13,BCQRwo7G3LqUURdJoKrH1SSBVPh7S26B2q
BLENRYgVPwzfsrJoJNbvC537qMHsCVyeFU,50,102900.00,104662.15,21.5458,29,172629,178985,178574,02-27-2020,00:04:30,BLENRYgVPwzfsrJoJNbvC537qMHsCVyeFU
B8mTjd78HkLBXDw31cCSs57XMQ24C6DTNK,36,173000.00,176204.15,22.5312,30,172297,178780,178447,02-26-2020,10:41:48,B8mTjd78HkLBXDw31cCSs57XMQ24C6DTNK
BPChFuc6wFRUEjDHaX4sZyHdqUeXj7QRgQ,220,600000.00,611117.15,22.5420,30,172239,178780,178389,02-26-2020,04:09:41,BPChFuc6wFRUEjDHaX4sZyHdqUeXj7QRgQ
B6hM2heXgySePwGbsobXjQjQYDNTVksZGo,12,1000000.00,1018541.15,22.5582,30,172238,178780,178388,02-26-2020,04:08:17,B6hM2heXgySePwGbsobXjQjQYDNTVksZGo
BLENRYgVPwzfsrJoJNbvC537qMHsCVyeFU,151,102800.00,104495.15,21.4911,28,172614,178780,178354,02-25-2020,22:13:28,BLENRYgVPwzfsrJoJNbvC537qMHsCVyeFU
B9LKjFjjSitSbHcPHKiHaRmU7nRcbQfHYA,64,1000000.00,1018928.15,23.0290,30,172044,178575,178194,02-25-2020,06:01:08,B9LKjFjjSitSbHcPHKiHaRmU7nRcbQfHYA
BLENRYgVPwzfsrJoJNbvC537qMHsCVyeFU,256,52700.00,53536.15,21.4365,27,172614,178575,178149,02-24-2020,22:13:18,BLENRYgVPwzfsrJoJNbvC537qMHsCVyeFU
BLENRYgVPwzfsrJoJNbvC537qMHsCVyeFU,273,52600.00,53401.15,21.3871,26,172614,178370,177944,02-23-2020,22:13:12,BLENRYgVPwzfsrJoJNbvC537qMHsCVyeFU
BLENRYgVPwzfsrJoJNbvC537qMHsCVyeFU,213,52500.00,53267.15,21.3324,25,172614,178165,177739,02-22-2020,22:13:05,BLENRYgVPwzfsrJoJNbvC537qMHsCVyeFU
BLENRYgVPwzfsrJoJNbvC537qMHsCVyeFU,346,100000.00,100354.15,14.3503,9,175843,177960,177688,02-22-2020,02:09:25,BNz6GSdpjGHDb3JxzE45pKxbwdi1GWTqSs
BLENRYgVPwzfsrJoJNbvC537qMHsCVyeFU,206,100000.00,100314.15,14.3119,8,175843,177755,177483,02-21-2020,02:09:20,BNz6GSdpjGHDb3JxzE45pKxbwdi1GWTqSs
BLENRYgVPwzfsrJoJNbvC537qMHsCVyeFU,295,52300.00,52999.15,21.2230,23,172611,177755,177326,02-20-2020,21:57:45,BLENRYgVPwzfsrJoJNbvC537qMHsCVyeFU
BLENRYgVPwzfsrJoJNbvC537qMHsCVyeFU,242,100000.00,100274.15,14.2736,7,175843,177550,177278,02-20-2020,02:09:10,BNz6GSdpjGHDb3JxzE45pKxbwdi1GWTqSs
BLENRYgVPwzfsrJoJNbvC537qMHsCVyeFU,65,65632.00,66906.15,25.3027,28,171382,177550,177122,02-20-2020,04:01:08,BLENRYgVPwzfsrJoJNbvC537qMHsCVyeFU
BLENRYgVPwzfsrJoJNbvC537qMHsCVyeFU,364,52200.00,52866.15,21.1683,22,172611,177550,177121,02-19-2020,21:57:37,BLENRYgVPwzfsrJoJNbvC537qMHsCVyeFU
BLENRYgVPwzfsrJoJNbvC537qMHsCVyeFU,255,599.00,611.15,25.3027,28,171381,177550,177121,02-20-2020,03:59:42,BLENRYgVPwzfsrJoJNbvC537qMHsCVyeFU
BLENRYgVPwzfsrJoJNbvC537qMHsCVyeFU,219,100000.00,101941.15,25.3027,28,171381,177550,177121,02-20-2020,03:59:21,BLENRYgVPwzfsrJoJNbvC537qMHsCVyeFU
BLENRYgVPwzfsrJoJNbvC537qMHsCVyeFU,421,52100.00,52733.15,21.1136,21,172611,177345,176916,02-18-2020,21:57:28,BLENRYgVPwzfsrJoJNbvC537qMHsCVyeFU
BLENRYgVPwzfsrJoJNbvC537qMHsCVyeFU,303,52000.00,52600.15,21.0642,20,172611,177140,176711,02-17-2020,21:57:23,BLENRYgVPwzfsrJoJNbvC537qMHsCVyeFU
BLBjptmhNbKcrXaWDDYm6fEQnTwnDuceT1,222,500000.00,501447.15,15.0889,7,175143,176935,176578,02-16-2020,19:03:20,B72qJt2JP5iEuX5XMF9qjNDLZHRhgFZVwK
BLENRYgVPwzfsrJoJNbvC537qMHsCVyeFU,293,51900.00,52468.15,21.0095,19,172611,176935,176506,02-16-2020,21:57:14,BLENRYgVPwzfsrJoJNbvC537qMHsCVyeFU
BLENRYgVPwzfsrJoJNbvC537qMHsCVyeFU,102,51800.00,52335.15,20.9495,18,172610,176730,176300,02-15-2020,21:55:51,BLENRYgVPwzfsrJoJNbvC537qMHsCVyeFU
BLENRYgVPwzfsrJoJNbvC537qMHsCVyeFU,223,51700.00,52203.15,20.8948,17,172610,176525,176095,02-14-2020,21:55:43,BLENRYgVPwzfsrJoJNbvC537qMHsCVyeFU
BLENRYgVPwzfsrJoJNbvC537qMHsCVyeFU,32,51600.00,52072.15,20.8454,16,172610,176320,175890,02-13-2020,21:55:36,BLENRYgVPwzfsrJoJNbvC537qMHsCVyeFU
BLENRYgVPwzfsrJoJNbvC537qMHsCVyeFU,9,51500.00,51940.15,20.7906,15,172610,176115,175685,02-12-2020,21:55:27,BLENRYgVPwzfsrJoJNbvC537qMHsCVyeFU
BAzYQgrU4akmjz9BrvNMjfgLxrQPNSxDxb,441,10000.00,10032.15,16.7654,7,174102,175910,175537,02-11-2020,21:54:23,BAzYQgrU4akmjz9BrvNMjfgLxrQPNSxDxb
BLENRYgVPwzfsrJoJNbvC537qMHsCVyeFU,427,120000.00,120772.15,19.5575,12,173043,175910,175503,02-11-2020,22:51:17,BLENRYgVPwzfsrJoJNbvC537qMHsCVyeFU
BLENRYgVPwzfsrJoJNbvC537qMHsCVyeFU,85,51400.00,51809.15,20.7359,14,172610,175910,175480,02-11-2020,21:55:20,BLENRYgVPwzfsrJoJNbvC537qMHsCVyeFU
BLENRYgVPwzfsrJoJNbvC537qMHsCVyeFU,179,110000.00,110626.15,18.8824,11,173182,175705,175437,02-11-2020,14:25:43,BLENRYgVPwzfsrJoJNbvC537qMHsCVyeFU
BLENRYgVPwzfsrJoJNbvC537qMHsCVyeFU,338,110000.00,110647.15,19.5108,11,173043,175705,175298,02-10-2020,22:51:10,BLENRYgVPwzfsrJoJNbvC537qMHsCVyeFU
BLENRYgVPwzfsrJoJNbvC537qMHsCVyeFU,453,100000.00,100516.15,18.8322,10,173182,175500,175232,02-10-2020,14:25:36,BLENRYgVPwzfsrJoJNbvC537qMHsCVyeFU
BJxfXErViKkpgDMaqzQNyATMJjEVd7VFck,391,5000.00,5023.15,18.6231,9,173286,175500,175131,02-10-2020,02:04:03,BJxfXErViKkpgDMaqzQNyATMJjEVd7VFck
BLENRYgVPwzfsrJoJNbvC537qMHsCVyeFU,383,100000.00,100533.15,19.4589,10,173043,175500,175093,02-09-2020,22:50:59,BLENRYgVPwzfsrJoJNbvC537qMHsCVyeFU
BLENRYgVPwzfsrJoJNbvC537qMHsCVyeFU,203,100.10,100.15,17.9273,7,173631,175295,175066,02-09-2020,17:15:51,BLENRYgVPwzfsrJoJNbvC537qMHsCVyeFU
BLENRYgVPwzfsrJoJNbvC537qMHsCVyeFU,390,50000.00,50339.15,20.6265,12,172577,175295,175037,02-09-2020,18:02:52,BLENRYgVPwzfsrJoJNbvC537qMHsCVyeFU
BGz1NwRvia3hzCqp4LurrHZAnJqc6BaaxA,155,20000.00,20081.15,18.5733,8,173286,175295,174926,02-09-2020,02:03:39,BGz1NwRvia3hzCqp4LurrHZAnJqc6BaaxA
BLENRYgVPwzfsrJoJNbvC537qMHsCVyeFU,115,50000.00,50310.15,20.5718,11,172577,175090,174832,02-08-2020,18:02:47,BLENRYgVPwzfsrJoJNbvC537qMHsCVyeFU
BCQRwo7G3LqUURdJoKrH1SSBVPh7S26B2q,393,2500.00,2509.15,18.5235,7,173286,175090,174721,02-08-2020,02:03:01,BCQRwo7G3LqUURdJoKrH1SSBVPh7S26B2q
BLENRYgVPwzfsrJoJNbvC537qMHsCVyeFU,110,50000.00,50281.15,20.5171,10,172577,174885,174627,02-07-2020,18:02:40,BLENRYgVPwzfsrJoJNbvC537qMHsCVyeFU
BLENRYgVPwzfsrJoJNbvC537qMHsCVyeFU,279,100800.00,101228.15,19.3551,8,172985,174885,174625,02-07-2020,16:11:09,BLENRYgVPwzfsrJoJNbvC537qMHsCVyeFU
BLENRYgVPwzfsrJoJNbvC537qMHsCVyeFU,459,100000.00,100506.15,20.5136,9,172779,174885,174624,02-07-2020,17:03:20,BLENRYgVPwzfsrJoJNbvC537qMHsCVyeFU
BLENRYgVPwzfsrJoJNbvC537qMHsCVyeFU,320,100000.00,100722.15,21.9641,12,172060,174885,174520,02-07-2020,07:56:18,BLENRYgVPwzfsrJoJNbvC537qMHsCVyeFU
BLENRYgVPwzfsrJoJNbvC537qMHsCVyeFU,348,50000.00,50252.15,20.4624,9,172577,174680,174422,02-06-2020,18:02:34,BLENRYgVPwzfsrJoJNbvC537qMHsCVyeFU
BLENRYgVPwzfsrJoJNbvC537qMHsCVyeFU,430,100700.00,101073.15,19.3032,7,172985,174680,174420,02-06-2020,16:10:58,BLENRYgVPwzfsrJoJNbvC537qMHsCVyeFU
BLENRYgVPwzfsrJoJNbvC537qMHsCVyeFU,356,100000.00,100448.15,20.4588,8,172779,174680,174419,02-06-2020,17:03:15,BLENRYgVPwzfsrJoJNbvC537qMHsCVyeFU
BLENRYgVPwzfsrJoJNbvC537qMHsCVyeFU,141,100000.00,100660.15,21.9058,11,172060,174680,174315,02-06-2020,07:56:14,BLENRYgVPwzfsrJoJNbvC537qMHsCVyeFU
BLENRYgVPwzfsrJoJNbvC537qMHsCVyeFU,371,50000.00,50224.15,20.4077,8,172577,174475,174217,02-05-2020,18:02:29,BLENRYgVPwzfsrJoJNbvC537qMHsCVyeFU
BLENRYgVPwzfsrJoJNbvC537qMHsCVyeFU,409,100000.00,100391.15,20.4039,7,172779,174475,174214,02-05-2020,17:03:10,BLENRYgVPwzfsrJoJNbvC537qMHsCVyeFU
BLENRYgVPwzfsrJoJNbvC537qMHsCVyeFU,138,100000.00,100599.15,21.8476,10,172060,174475,174110,02-05-2020,07:56:09,BLENRYgVPwzfsrJoJNbvC537qMHsCVyeFU
BCQRwo7G3LqUURdJoKrH1SSBVPh7S26B2q,16,30000.00,30117.15,20.3988,7,172645,174475,174080,02-05-2020,02:02:20,BCQRwo7G3LqUURdJoKrH1SSBVPh7S26B2q
BLENRYgVPwzfsrJoJNbvC537qMHsCVyeFU,400,50000.00,50195.15,20.3529,7,172577,174270,174012,02-04-2020,18:02:23,BLENRYgVPwzfsrJoJNbvC537qMHsCVyeFU
BLENRYgVPwzfsrJoJNbvC537qMHsCVyeFU,171,10000.00,10054.15,21.7893,9,172060,174270,173905,02-04-2020,07:56:01,BLENRYgVPwzfsrJoJNbvC537qMHsCVyeFU
BEnG96E4bTH9JDXhnDUFMnZ6k1XCnMXq8o,124,100.00,100.15,20.9543,7,172449,174270,173884,02-04-2020,03:50:03,BEnG96E4bTH9JDXhnDUFMnZ6k1XCnMXq8o
BENwgjhYYHpJVSVqheX3BdctEtjQCXYwsB,28,100.00,100.15,20.9543,7,172432,174270,173867,02-04-2020,02:04:51,BENwgjhYYHpJVSVqheX3BdctEtjQCXYwsB
BLENRYgVPwzfsrJoJNbvC537qMHsCVyeFU,286,1000.00,1005.15,21.7310,8,172060,174065,173700,02-03-2020,07:55:57,BLENRYgVPwzfsrJoJNbvC537qMHsCVyeFU
B6Sguc8sudT3YZZgY4CLBFzaNpBBMAgEth,379,100000.00,100412.15,21.4588,7,172196,173860,173631,02-02-2020,23:26:31,B6Sguc8sudT3YZZgY4CLBFzaNpBBMAgEth
BLENRYgVPwzfsrJoJNbvC537qMHsCVyeFU,202,100.00,100.15,21.6728,7,172060,173860,173495,02-02-2020,07:55:51,BLENRYgVPwzfsrJoJNbvC537qMHsCVyeFU
BPHr5ooeyin5gE4EvRaGLurmG2jaumUzjp,224,100000.00,100590.15,23.9360,9,171533,173655,173378,02-01-2020,20:56:28,BPHr5ooeyin5gE4EvRaGLurmG2jaumUzjp
BPHr5ooeyin5gE4EvRaGLurmG2jaumUzjp,158,100000.00,100523.15,23.8720,8,171533,173450,173173,01-31-2020,20:55:58,BPHr5ooeyin5gE4EvRaGLurmG2jaumUzjp
BPHr5ooeyin5gE4EvRaGLurmG2jaumUzjp,193,100000.00,100457.15,23.8080,7,171533,173245,172968,01-30-2020,20:54:59,BPHr5ooeyin5gE4EvRaGLurmG2jaumUzjp
BLENRYgVPwzfsrJoJNbvC537qMHsCVyeFU,126,100000.00,100459.15,23.9506,7,171372,173040,172807,01-30-2020,03:00:02,BLENRYgVPwzfsrJoJNbvC537qMHsCVyeFU
BQXj5kV9LVUZGF4ipFCRmkzBbZu366grJt,147,100000.00,100459.15,23.9557,7,171266,173040,172701,01-29-2020,15:07:07,BQXj5kV9LVUZGF4ipFCRmkzBbZu366grJt
BM2e5zvdEf8jcosQdhP6e7NRs8kEMqJy7U,331,100000.00,107540.15,91.7426,30,166417,172835,172567,01-28-2020,08:11:53,BM2e5zvdEf8jcosQdhP6e7NRs8kEMqJy7U
BQXj5kV9LVUZGF4ipFCRmkzBbZu366grJt,299,128000.11,128616.15,25.0972,7,171066,172835,172501,01-28-2020,16:44:09,BQXj5kV9LVUZGF4ipFCRmkzBbZu366grJt
BLENRYgVPwzfsrJoJNbvC537qMHsCVyeFU,465,100000.00,100483.15,25.1736,7,171047,172835,172482,01-28-2020,14:36:43,BLENRYgVPwzfsrJoJNbvC537qMHsCVyeFU
BLENRYgVPwzfsrJoJNbvC537qMHsCVyeFU,462,100000.00,100483.15,25.1736,7,171047,172835,172482,01-28-2020,14:37:04,BLENRYgVPwzfsrJoJNbvC537qMHsCVyeFU
BLENRYgVPwzfsrJoJNbvC537qMHsCVyeFU,271,100000.00,100483.15,25.1736,7,171047,172835,172482,01-28-2020,14:37:02,BLENRYgVPwzfsrJoJNbvC537qMHsCVyeFU
B76TkLSoZ5RCCLCgUJj6iajb4j6Ceo9Xdv,419,1000000.00,1081885.15,99.6264,30,166277,172835,172427,01-27-2020,15:48:18,B76TkLSoZ5RCCLCgUJj6iajb4j6Ceo9Xdv
B76TkLSoZ5RCCLCgUJj6iajb4j6Ceo9Xdv,382,1000000.00,1088934.15,108.2027,30,166147,172630,172297,01-26-2020,23:42:33,B76TkLSoZ5RCCLCgUJj6iajb4j6Ceo9Xdv
BLENRYgVPwzfsrJoJNbvC537qMHsCVyeFU,451,10000.00,10048.15,25.1736,7,170849,172630,172284,01-27-2020,16:32:04,BLENRYgVPwzfsrJoJNbvC537qMHsCVyeFU
BQXj5kV9LVUZGF4ipFCRmkzBbZu366grJt,328,7000.00,7034.15,25.1736,7,170844,172630,172279,01-27-2020,15:52:36,BQXj5kV9LVUZGF4ipFCRmkzBbZu366grJt
BLENRYgVPwzfsrJoJNbvC537qMHsCVyeFU,76,7000.00,7034.15,25.1736,7,170844,172630,172279,01-27-2020,15:53:19,BLENRYgVPwzfsrJoJNbvC537qMHsCVyeFU
BLENRYgVPwzfsrJoJNbvC537qMHsCVyeFU,61,7000.00,7034.15,25.1736,7,170844,172630,172279,01-27-2020,15:53:25,BLENRYgVPwzfsrJoJNbvC537qMHsCVyeFU
BLENRYgVPwzfsrJoJNbvC537qMHsCVyeFU,471,7000.00,7034.15,25.1736,7,170844,172630,172279,01-27-2020,15:53:26,BLENRYgVPwzfsrJoJNbvC537qMHsCVyeFU
BLENRYgVPwzfsrJoJNbvC537qMHsCVyeFU,461,7000.00,7034.15,25.1736,7,170844,172630,172279,01-27-2020,15:53:18,BLENRYgVPwzfsrJoJNbvC537qMHsCVyeFU
BLENRYgVPwzfsrJoJNbvC537qMHsCVyeFU,457,7000.00,7034.15,25.1736,7,170844,172630,172279,01-27-2020,15:53:19,BLENRYgVPwzfsrJoJNbvC537qMHsCVyeFU
BLENRYgVPwzfsrJoJNbvC537qMHsCVyeFU,446,7000.00,7034.15,25.1736,7,170844,172630,172279,01-27-2020,15:53:26,BLENRYgVPwzfsrJoJNbvC537qMHsCVyeFU
BLENRYgVPwzfsrJoJNbvC537qMHsCVyeFU,437,7000.00,7034.15,25.1736,7,170844,172630,172279,01-27-2020,15:53:26,BLENRYgVPwzfsrJoJNbvC537qMHsCVyeFU
BLENRYgVPwzfsrJoJNbvC537qMHsCVyeFU,416,7000.00,7034.15,25.1736,7,170844,172630,172279,01-27-2020,15:53:19,BLENRYgVPwzfsrJoJNbvC537qMHsCVyeFU
BLENRYgVPwzfsrJoJNbvC537qMHsCVyeFU,396,7000.00,7034.15,25.1736,7,170844,172630,172279,01-27-2020,15:53:19,BLENRYgVPwzfsrJoJNbvC537qMHsCVyeFU
BLENRYgVPwzfsrJoJNbvC537qMHsCVyeFU,368,7000.00,7034.15,25.1736,7,170844,172630,172279,01-27-2020,15:53:18,BLENRYgVPwzfsrJoJNbvC537qMHsCVyeFU
BLENRYgVPwzfsrJoJNbvC537qMHsCVyeFU,366,7000.00,7034.15,25.1736,7,170844,172630,172279,01-27-2020,15:53:27,BLENRYgVPwzfsrJoJNbvC537qMHsCVyeFU
BLENRYgVPwzfsrJoJNbvC537qMHsCVyeFU,341,7000.00,7034.15,25.1736,7,170844,172630,172279,01-27-2020,15:53:17,BLENRYgVPwzfsrJoJNbvC537qMHsCVyeFU
BLENRYgVPwzfsrJoJNbvC537qMHsCVyeFU,30,7000.00,7034.15,25.1736,7,170844,172630,172279,01-27-2020,15:53:18,BLENRYgVPwzfsrJoJNbvC537qMHsCVyeFU
BLENRYgVPwzfsrJoJNbvC537qMHsCVyeFU,266,7000.00,7034.15,25.1736,7,170844,172630,172279,01-27-2020,15:53:25,BLENRYgVPwzfsrJoJNbvC537qMHsCVyeFU
BLENRYgVPwzfsrJoJNbvC537qMHsCVyeFU,251,7000.00,7034.15,25.1736,7,170844,172630,172279,01-27-2020,15:53:16,BLENRYgVPwzfsrJoJNbvC537qMHsCVyeFU
BLENRYgVPwzfsrJoJNbvC537qMHsCVyeFU,241,7000.00,7034.15,25.1736,7,170844,172630,172279,01-27-2020,15:53:15,BLENRYgVPwzfsrJoJNbvC537qMHsCVyeFU
BLENRYgVPwzfsrJoJNbvC537qMHsCVyeFU,238,7000.00,7034.15,25.1736,7,170844,172630,172279,01-27-2020,15:53:25,BLENRYgVPwzfsrJoJNbvC537qMHsCVyeFU
BLENRYgVPwzfsrJoJNbvC537qMHsCVyeFU,14,7000.00,7034.15,25.1736,7,170844,172630,172279,01-27-2020,15:53:20,BLENRYgVPwzfsrJoJNbvC537qMHsCVyeFU
BQKpAthM8pyYWpZfEvWRvQ7pZrecV3qZZw,189,1000000.00,1017780.15,81.1197,8,166928,168940,168568,01-08-2020,21:15:04,BQKpAthM8pyYWpZfEvWRvQ7pZrecV3qZZw
BQKpAthM8pyYWpZfEvWRvQ7pZrecV3qZZw,429,300000.00,304561.15,79.2766,7,166941,168735,168376,01-07-2020,23:05:55,BQKpAthM8pyYWpZfEvWRvQ7pZrecV3qZZw
B76TkLSoZ5RCCLCgUJj6iajb4j6Ceo9Xdv,181,10000.00,10152.15,79.2919,7,166936,168735,168371,01-07-2020,22:33:32,B76TkLSoZ5RCCLCgUJj6iajb4j6Ceo9Xdv
B76TkLSoZ5RCCLCgUJj6iajb4j6Ceo9Xdv,276,1000000.00,1015790.15,82.3341,7,166909,168735,168344,01-07-2020,18:29:05,B76TkLSoZ5RCCLCgUJj6iajb4j6Ceo9Xdv
BQKpAthM8pyYWpZfEvWRvQ7pZrecV3qZZw,98,200000.00,203169.15,82.6195,7,166727,168530,168162,01-06-2020,20:47:41,BQKpAthM8pyYWpZfEvWRvQ7pZrecV3qZZw
B76TkLSoZ5RCCLCgUJj6iajb4j6Ceo9Xdv,35,1000000.00,1016125.15,84.0820,7,166722,168530,168157,01-06-2020,20:22:38,B76TkLSoZ5RCCLCgUJj6iajb4j6Ceo9Xdv
BLENRYgVPwzfsrJoJNbvC537qMHsCVyeFU,415,100.00,102.15,84.2298,7,166609,168325,168044,01-06-2020,06:27:23,BLENRYgVPwzfsrJoJNbvC537qMHsCVyeFU
BLENRYgVPwzfsrJoJNbvC537qMHsCVyeFU,395,100000.00,101615.15,84.2298,7,166609,168325,168044,01-06-2020,06:27:32,BLENRYgVPwzfsrJoJNbvC537qMHsCVyeFU
B76TkLSoZ5RCCLCgUJj6iajb4j6Ceo9Xdv,285,1000000.00,1016439.15,85.7178,7,166538,168325,167973,01-05-2020,22:40:42,B76TkLSoZ5RCCLCgUJj6iajb4j6Ceo9Xdv
BPHr5ooeyin5gE4EvRaGLurmG2jaumUzjp,71,10000.00,10180.15,93.8406,7,166250,167915,167685,01-04-2020,12:08:07,BPHr5ooeyin5gE4EvRaGLurmG2jaumUzjp
BQXj5kV9LVUZGF4ipFCRmkzBbZu366grJt,463,10000.00,10195.15,101.9176,7,166089,167915,167524,01-03-2020,17:11:41,BQXj5kV9LVUZGF4ipFCRmkzBbZu366grJt
