height,time,tx0
184500,1585064066,0eb7c26d3b9c3780ea28ec119ea55d1fa7393b593953d1d296ed11ee40c10ba0
178350,1582574691,6180d377913d41c38da4dfb117f44b1316c8631600d56af9162afec28b394257
172200,1580082900,0bf41460efc323a76fb43176ddfa54e11ee5bf16147d4649ec0f34076de1c169
166050,1577451709,32bf325ad0c063b3d30cea8cdc6e8649964e99f96e8983ca61479a808d2b23e3
159900,1574790697,b40a52edf7e63a787b13180a0a16243679e1e95cb7ee9708b27e094064dd17c0
153750,1572123798,bcabfcc6b02c802fdf61ad712151fa97f1cd6d83f444a44ef3fc7ef150c3b46f
147600,1569580335,a35c625011eb69fe06f7320a18c644fdd8a2d7e8cc2b5947a5c13a8d91c7407f
141450,1567084104,9c02dda74b975defa15d24bdf9f2c11515f9ff25f6ba5e4bc4e91ddae8178b85
135300,1564589841,49d3a806376f46811cbd915f5678e3e2bd888fba8214efc5b6ed5165db6d7cd6
129150,1562081156,c6efd41e7a1244a5e09944b68a89d42b402ad42f874bfaa82f5a4a278e88c8a6
123000,1559446878,44c8fde76b384446d46dc39824fb2ba25b4b475108cf42e26766457745967c81
116850,1556818190,6538f6d163c3fcf089d2c5a68a85ab28acde0d0f5646751d349a27e7e5b8e278
110700,1554170152,522bd7cf7020093712ec16ad4b65aade861e14d7a6172009755a0477c3d04ed7
104550,1551467741,453c06af7f4a5847c9f9c9aae49c8a479495a865be658fa6121c41ff3ad732af
98400,1548810563,77f98005cb8706780b665e1b678173c75fe5ec62cbf64d6e682e3880450f7d56
92250,1546152579,cfb6d07dcff164cedfe07464f78cd65069fa6c7de8bd001e371fec187f903176
86100,1543481653,7f685c6e836b475d7d4bcbb830637d9bcaade623ad74a537b646063d57bec90f
79950,1540808255,88df9bf791edd6f73f05e8fcc7b5d6041ebcd7cb602a46eef77e423482f86e03
73800,1538188127,acdd5177f2184692598ff34bf14be2c706b9dcc40349cabcd79ef1f87d4c1f81
67650,1535585506,417caef5856250fda9f0617cdb762fdb2f8b429c2417357474a067d4bfec774d
61500,1532968578,7be7ab80766552dde387b8850d4dd340deaaba9383f2da9ea2afcee845fc538b
55350,1530250681,099ba32cfd6521e6edc12283fa6ba11f4e4414ef3d034179a1578ba4be482a53
49200,1527526239,e145b1ba40b786fb7982de45a6977130210f45cf5ca1169695c0097bffe4b339
43050,1524809662,732c4b968c954e9f0ce818c063e1ecddc02bfebd1b8ca94ddb63888860151c7a
36900,1522129976,22ede43b7e2a560e29d6e0c61fdfba8b40accea12048221f516765b1671e70ab
30750,1518889285,74b524589227fda86b04c8370720364375c646c1180a873ee2e82f750c097f2d
24600,1515310060,d54669117679188599d92608c548ade54ada0dfb5327f796fd84a4c68cb94502
18450,1511691449,12bbc842698bc159ec3260c4c98b80ae18b2e107cbf25ef9f9fff5409a588d88
12300,1508122526,3b1785bb35be7448652bb57c8776724453a75e9795772c5e176df0c7e9f29386
6150,1504566581,2cd9073a6eec4f9d5ec6bd1b508fa11fc45e4216677b7bc9dd7bb49101200507
