blockversion,chainlock,difficulty,height,nonce,subsidy,time,bipfs4d13a3a38a38cd3fe9bb0709dbe55a5ff954635d749b3c8553dc31e50add6998
blockversion,chainlock,difficulty,height,nonce,subsidy,time
1522,false,9.755135456981245,216408,0,2640,1598496375
1522,false,8.624047584582385,215895,3332,2640,1598274664
1522,false,7.944214124663612,216129,3202,2640,1598371779
1522,false,7.585245028820111,216407,0,2640,1598495117
1522,false,6.828056137280029,215615,0,2640,1598158054
1522,false,6.642374977194867,215425,0,2640,1598080319
1522,false,6.511112656605498,215851,0,2640,1598255822
1522,false,6.467035732259689,215616,0,2640,1598158776
1522,false,6.310422524361591,216717,523,2640,1598628498
1522,false,6.294240244335808,216716,0,2640,1598626683
1522,false,6.023603592010809,216637,604,2640,1598594594
1522,false,5.962931285485515,216128,0,2640,1598369909
1522,false,5.843200542102071,215756,0,2640,1598216985
1522,false,5.820108169554445,216715,0,2640,1598626025
1522,false,5.743243243243244,216413,4063,2639,1598499737
1522,false,5.743092252280674,216398,0,2640,1598492309
1522,false,5.68825893360877,215850,0,2640,1598254471
1522,false,5.616403136649954,215894,0,2640,1598272779
1522,false,5.595495257041863,215764,0,2640,1598220623
1522,false,5.512933753943217,215614,0,2640,1598157637
1522,false,5.43525138089472,215638,0,2640,1598169099
1522,false,5.368948821510203,216409,0,2640,1598496477
1522,false,5.242254805500228,216644,1509,2640,1598597709
1522,false,5.236558022836778,216410,0,2640,1598496571
1522,false,5.21887666934771,215900,0,2640,1598276113
1522,false,5.218751990826273,215617,0,2640,1598160022
1522,false,5.073389381764132,216411,0,2640,1598496781
1522,false,4.996683364212356,216751,1065,2640,1598643557
1522,false,4.977404777275662,216714,0,2640,1598625850
1522,false,4.945403231283533,216183,0,2640,1598394678
1522,false,4.926443503950326,216636,0,2640,1598592776
1522,false,4.906930426188266,215613,0,2640,1598157427
1522,false,4.888628632810169,216127,0,2640,1598369594
1522,false,4.77548968170689,216406,0,2640,1598495092
1522,false,4.68130549384612,216032,0,2640,1598330985
1522,false,4.644742903717354,216050,0,2640,1598338564
1522,false,4.634003196108102,215637,0,2640,1598167905
1522,false,4.618621073625901,216397,0,2640,1598491260
1522,false,4.568650005228484,215899,0,2640,1598275287
1522,false,4.565085645423073,215755,0,2640,1598216135
1522,false,4.562066661097653,216909,2194,2640,1598709973
1522,false,4.527085837443528,215424,0,2640,1598077804
1522,false,4.431034482758621,215729,0,2640,1598206629
1522,false,4.383289523847743,216643,0,2640,1598595889
1522,false,4.381414006351329,215857,0,2640,1598257882
1522,false,4.376176930165471,215694,0,2640,1598191816
1522,false,4.332863914949322,216355,0,2640,1598473774
1522,false,4.292085822068533,216489,605,2640,1598533739
1522,false,4.269937451133698,216635,0,2640,1598592670
1522,false,4.261579779036422,215437,0,2640,1598084531
1522,false,4.259253241477919,215695,0,2640,1598192254
1522,false,4.256846289752651,215878,0,2640,1598267317
1522,false,4.213981661286796,216134,220,2640,1598374488
1522,false,4.198431714223481,215724,0,2640,1598204762
1522,false,4.185988579312459,215849,0,2640,1598253918
1522,false,4.183396635919696,216651,0,2640,1598600446
1522,false,4.173751886738379,215436,0,2640,1598083838
1522,false,4.147653555267238,216109,0,2640,1598363170
1522,false,4.145371049768489,215697,1253,2640,1598194129
1522,false,4.139192056995604,215893,0,2640,1598272595
1522,false,4.116520100502512,216108,0,2640,1598362414
1522,false,4.081524616199047,216448,0,2640,1598515739
1522,false,4.079085776884247,216963,207,6139,1598731932
1522,false,4.072140926460993,216126,0,2640,1598369452
1522,false,4.062346968504182,216785,0,2640,1598657508
1522,false,4.002088524109629,216031,0,2640,1598330634
1522,false,3.951533642453587,216941,0,6139,1598721870
1522,false,3.948700336213442,216424,0,2640,1598506628
1522,false,3.922137770064038,215891,0,2640,1598272209
1522,false,3.910342852369417,215820,621,2640,1598244426
1522,false,3.907125652827129,216348,0,2640,1598471428
1522,false,3.886618786955052,216182,0,2640,1598393861
1522,false,3.882313215326651,215435,0,2640,1598083665
1522,false,3.859767948642441,216340,0,2640,1598467634
1522,false,3.858290895175296,215812,3521,2640,1598240941
1522,false,3.857950197209631,216052,0,2640,1598340312
1522,false,3.851148851148851,216642,0,2640,1598595819
1522,false,3.849565319548872,216405,0,2640,1598495007
1522,false,3.83761784856825,215728,0,2640,1598205578
1522,false,3.832456140350877,215757,0,2640,1598217565
1522,false,3.821171394419988,216930,0,2640,1598717498
1522,false,3.815254030074926,216033,0,2640,1598331796
1522,false,3.785458893387938,216082,0,2640,1598353148
1522,false,3.770821945395437,215733,0,2640,1598208913
1522,false,3.761601643889083,216663,1,2640,1598606553
1522,false,3.755996354903972,216908,0,2640,1598708164
1522,false,3.700054765440184,215763,0,2640,1598219525
1522,false,3.67186055502328,216681,0,2640,1598613736
1522,false,3.662257539941994,216456,451,2640,1598519859
1522,false,3.659537636810364,216853,1336,2640,1598686673
1522,false,3.64871861968365,216354,0,2640,1598472859
1522,false,3.648088976965298,216444,0,2640,1598514069
1522,false,3.632619576845688,216750,0,2640,1598641746
1522,false,3.630627236767753,216133,0,2640,1598372606
1522,false,3.593538375491448,216650,0,2640,1598599416
1522,false,3.566530612244898,215439,0,2640,1598085683
1522,false,3.531627561083388,215848,0,2640,1598253754
1522,false,3.502279273838853,215781,733,2640,1598228175
1522,false,3.501437226846757,215858,0,2640,1598258279
1522,false,3.488762071058207,216356,0,2640,1598474003
1522,false,3.479796102585886,216357,0,2640,1598474579
1522,false,3.465333446138878,216591,0,2640,1598575032
1522,false,3.421478542341025,216404,0,2640,1598494916
1522,false,3.401252860976027,215442,0,2640,1598087710
1522,false,3.378475909639238,216713,0,2640,1598625732
1522,false,3.377048335566319,216876,0,2640,1598695209
1522,false,3.363546312596554,216341,0,2640,1598469013
1522,false,3.352379685709609,215877,0,2640,1598266340
1522,false,3.34584162965232,216586,0,2640,1598573518
1522,false,3.344697530328626,215423,0,2640,1598077740
1522,false,3.330419713686051,215882,0,2640,1598268790
1522,false,3.324725793195816,215624,0,2640,1598163514
1522,false,3.317707094076373,216375,0,2640,1598483449
1522,false,3.314887783954395,216389,0,2640,1598488591
1522,false,3.314854249599142,216933,864,2640,1598719431
1522,false,3.295783147677839,216826,0,2640,1598674214
1522,false,3.289579359502058,216051,0,2640,1598338780
1522,false,3.270780824994385,215696,0,2640,1598192298
1522,false,3.258437580795927,215892,0,2640,1598272242
1522,false,3.254279202109434,215612,0,2640,1598157125
1522,false,3.249293470177004,215800,0,2640,1598235355
1522,false,3.236791805165235,215811,0,2640,1598239062
1522,false,3.22822970749633,216347,0,2640,1598470412
1522,false,3.218700732293094,216724,0,2640,1598631500
1522,false,3.213287570482962,216339,0,2640,1598467185
1522,false,3.213208796057954,216114,0,2640,1598365113
1522,false,3.208835007075252,216423,0,2640,1598505543
1522,false,3.19882658440392,216399,0,2640,1598494076
1522,false,3.195722457100224,216353,0,2640,1598472780
1522,false,3.189004540079707,216186,0,2640,1598396022
1522,false,3.176638245687169,216049,0,2640,1598337934
1522,false,3.173838293338499,216907,0,2640,1598708039
1522,false,3.172824145126385,216585,0,2640,1598572110
1522,false,3.139235776797391,215890,0,2640,1598271822
1522,false,3.137222049354939,216488,0,2640,1598531929
1522,false,3.133891553532233,216274,0,2640,1598432697
1522,false,3.130657851366005,215438,0,2640,1598084876
1522,false,3.116218028273491,216680,0,2640,1598612060
1522,false,3.097658853391189,215702,0,2640,1598196492
1522,false,3.088592919353014,216630,0,2640,1598591371
1522,false,3.084754857659286,216649,0,2640,1598599282
1522,false,3.084682259134961,215747,889,2640,1598214996
1522,false,3.072332366026431,216455,0,2640,1598518031
1522,false,3.059738076896141,216722,0,2640,1598630115
1522,false,3.05952380952381,216888,0,2640,1598700519
1522,false,3.051460659508488,215636,0,2640,1598167629
1522,false,3.048465649813701,215740,0,2640,1598211441
1522,false,3.046014408552173,216110,0,2640,1598363762
1522,false,3.045377448360789,216181,0,2640,1598393496
1522,false,3.041504810436768,215714,0,2640,1598200824
1522,false,3.035095681813972,216414,243,2640,1598501543
1522,false,3.0270207852194,216115,2426,2640,1598366931
1522,false,3.023222556418725,215447,0,2640,1598090685
1522,false,3.021926083047057,216937,0,6139,1598720339
1522,false,3.006040979583599,216955,0,6139,1598727708
1522,false,3.003932821180396,216461,0,2640,1598521250
1522,false,2.995707683657657,215847,0,2640,1598253718
1522,false,2.978674084376449,216929,0,6139,1598716542
1522,false,2.978498093415808,216184,0,2640,1598395000
1522,false,2.972054928708776,216390,0,2640,1598489321
1522,false,2.955421768247311,216121,0,2640,1598368134
1522,false,2.950325938197796,216890,1744,2640,1598702565
1522,false,2.947287470149354,216932,0,2640,1598717621
1522,false,2.946253961831546,216718,0,2640,1598628707
1522,false,2.942127166695848,216438,0,2640,1598511867
1522,false,2.939079191669133,216834,0,2640,1598677479
1522,false,2.93832806510189,216875,0,2640,1598694327
1522,false,2.934578183772166,216827,0,2640,1598675107
1522,false,2.926544993368552,215459,0,2640,1598094243
1522,false,2.925669642857143,216590,0,2640,1598574603
1522,false,2.925591278805032,216130,0,2640,1598371881
1522,false,2.916360723583206,216833,0,2640,1598676999
1522,false,2.910674471694929,216594,0,2640,1598577246
1522,false,2.907781593589436,215758,0,2640,1598217881
1522,false,2.890646365023775,215859,0,2640,1598259147
1522,false,2.887805866826476,215618,0,2640,1598161154
1522,false,2.878495724093099,216962,0,6139,1598730116
1522,false,2.877661513061119,216403,0,2640,1598494742
1522,false,2.867964657537843,216187,0,2640,1598396762
1522,false,2.865957921344138,216869,0,2640,1598692378
1522,false,2.863165712787802,216616,0,2640,1598586345
1522,false,2.85915597418972,216942,0,2640,1598722922
1522,false,2.848394233234961,215852,0,2640,1598256109
1522,false,2.839151568714096,216631,0,2640,1598592323
1522,false,2.831179042319722,216346,0,2640,1598470232
1522,false,2.830616528882785,215754,0,2640,1598215956
1522,false,2.819983218227587,215901,0,2640,1598277346
1522,false,2.799647988106782,216034,0,2640,1598332347
1522,false,2.796637292764632,215441,0,2640,1598085878
1522,false,2.791514919174494,215856,0,2640,1598257263
1522,false,2.789732456420407,215422,0,2640,1598077729
1522,false,2.784812816045553,215883,0,2640,1598269223
1522,false,2.783961053856807,215884,0,2640,1598269822
1522,false,2.776248008947029,215780,0,2640,1598226362
1522,false,2.768472323725599,215957,461,2640,1598301837
1522,false,2.760786593534363,216652,0,2640,1598601801
1522,false,2.727885748061322,216449,0,2640,1598516089
1522,false,2.723951319267794,216338,0,2640,1598466803
1522,false,2.72145144076841,216784,0,2640,1598656741
1522,false,2.72035565739334,215670,0,2640,1598183204
1522,false,2.718020181408717,215879,0,2640,1598267639
1522,false,2.707923574037651,215765,0,2640,1598220948
1522,false,2.697224371532522,216185,0,2640,1598395069
1522,false,2.676296187395864,216261,0,2640,1598426951
1522,false,2.671615688480683,216374,0,2640,1598482313
1522,false,2.667993844500354,216791,0,2640,1598661321
1522,false,2.662876971711376,215458,0,2640,1598093608
1522,false,2.65917086293716,216721,0,2640,1598629597
1522,false,2.65474357935672,216107,0,2640,1598361967
1522,false,2.65428123595096,216961,0,6139,1598729982
1522,false,2.653400004048829,216913,0,2640,1598711717
1522,false,2.642391155338006,215816,0,2640,1598242189
1522,false,2.637584216754003,216931,0,6139,1598717517
1522,false,2.634699965425468,216940,0,2640,1598721124
1522,false,2.625937620207719,216120,0,2640,1598367557
1522,false,2.622375523694815,215434,0,2640,1598083128
1522,false,2.621295148194072,216454,0,2640,1598517996
1522,false,2.613965881034339,215880,0,2640,1598268102
1522,false,2.612861169697429,216030,0,2640,1598330253
1522,false,2.608389353902733,215896,0,2640,1598274870
1522,false,2.603250140023754,216712,0,2640,1598625257
1522,false,2.596782501882157,215760,0,2640,1598219014
1522,false,2.586819398283743,215430,0,2640,1598082224
1522,false,2.580494008969811,216460,0,2640,1598520476
1522,false,2.578808400458035,216113,0,2640,1598364655
1522,false,2.578179400529523,215746,0,2640,1598213167
1522,false,2.573886063271999,216309,0,2640,1598456114,"FileName: BQXj5kV9LVUZGF4ipFCRmkzBbZu366grJtprosperity.mp4, Fee=18000.0000, Size=11624414.00, Duration=180, Density=3, BlockHash=872f748c0dc1dc2e65a9a667ce14e4d90ac38f0fa80f78a08c985fba234d91b0, URL=https:biblepay.s3.ca-central-1.amazonaws.comBQXj5kV9LVUZGF4ipFCRmkzBbZu366grJtprosperity.mp4, Network=main, Height=216309"
1522,false,2.568891850574262,216396,0,2640,1598491027
1522,false,2.565442566734389,216445,0,2640,1598514571
1522,false,2.564629364389866,215809,0,2640,1598238477
1522,false,2.564378480116138,215693,0,2640,1598191323
1522,false,2.564217939939352,216380,1208,2640,1598486455
1522,false,2.544100063665585,215446,0,2640,1598088312
1522,false,2.542777325107671,216081,0,2640,1598351440
1522,false,2.535938860404372,215505,0,2640,1598114972
1522,false,2.532323005942951,215759,0,2640,1598218441
1522,false,2.524441260082742,216874,0,2640,1598693980
1522,false,2.519220419773967,216358,84,2640,1598476391
1522,false,2.517372114730862,216609,0,2640,1598583501
1522,false,2.516048036611023,215876,0,2640,1598266280
1522,false,2.501832424756059,215623,0,2640,1598162613
1522,false,2.498303585724197,216938,0,2640,1598720655
1522,false,2.490499353956069,215739,0,2640,1598210259
1522,false,2.490470960656373,215886,0,2640,1598270539
1522,false,2.490224912508692,216786,248,2640,1598659317
1522,false,2.483044746713144,216592,0,2640,1598575135
1522,false,2.477459597391551,216972,0,6139,1598735651
1522,false,2.472972208071546,215738,0,2640,1598210012
1522,false,2.471862222959822,215710,0,2640,1598199682
1522,false,2.471601194786387,216593,0,2640,1598575707
1522,false,2.470669401173224,216845,0,2640,1598683076
1522,false,2.466011672492879,216685,0,2640,1598614780
1522,false,2.461556375218792,216980,0,6139,1598737699
1522,false,2.461371472353467,215421,0,2640,1598077700
1522,false,2.45526682551814,216332,0,2640,1598465236
1522,false,2.452198316183349,216723,0,2640,1598630374
1522,false,2.449558567381082,215933,3845,2640,1598291794
1522,false,2.446970177842664,216956,0,6139,1598728929
1522,false,2.435403373554868,215611,0,2640,1598156962
1522,false,2.434164097611707,215520,0,2640,1598120750
1522,false,2.431427691599915,215646,0,2640,1598172569
1522,false,2.430543965641933,216638,0,2640,1598595183
1522,false,2.426718902746097,215632,0,2640,1598166537
1522,false,2.424644914479794,215808,0,2640,1598238233
1522,false,2.41807830389527,216835,0,2640,1598678080
1522,false,2.416304107366713,216349,0,2640,1598472496
1522,false,2.41252369820906,216584,0,2640,1598571933
1522,false,2.400004394606353,216035,0,2640,1598332780
1522,false,2.39496996009297,215639,0,2640,1598169875
1522,false,2.39122106069728,216939,0,2640,1598720823
1522,false,2.391168711757173,216313,0,2640,1598457337
1522,false,2.383281571616638,216849,0,2640,1598684318
1522,false,2.379958018898759,215429,0,2640,1598081709
1522,false,2.376514445479963,215723,0,2640,1598203454
1522,false,2.375480732634723,216436,0,2640,1598510964
1522,false,2.374508141481336,216391,0,2640,1598489671
1522,false,2.370162748643761,216388,0,2640,1598488253
1522,false,2.369648539195834,215633,0,2640,1598167319
1522,false,2.369014654742367,215440,0,2640,1598085792
1522,false,2.363282306485639,216641,0,2640,1598595686
1522,false,2.36168119556169,215460,0,2640,1598095022
1522,false,2.359377025100445,215457,0,2640,1598093425
1522,false,2.355459230984883,216048,0,2640,1598337798
1522,false,2.351200086104833,216981,20,6139,1598739505
1522,false,2.346326111940539,216629,0,2640,1598590809
1522,false,2.343046120843761,216783,0,2640,1598656648
1522,false,2.338890138010043,216432,0,2640,1598509582
1522,false,2.336288675229672,216122,0,2640,1598368989
1522,false,2.335514358415121,216928,0,6139,1598716391
1522,false,2.334981793305922,216634,0,2640,1598592560
1522,false,2.334707284315227,215762,0,2640,1598219214
1522,false,2.32312884175003,215577,1208,2640,1598144912
1522,false,2.32257721545904,216749,0,2640,1598641636
1522,false,2.322264469194161,215810,0,2640,1598238914
1522,false,2.319650574647548,216315,0,2640,1598458787
1522,false,2.314955456491484,216088,2921,2640,1598356091
1522,false,2.308350710099188,215761,0,2640,1598219155
1522,false,2.305824815720493,216615,0,2640,1598584910
1522,false,2.301888648090453,216947,0,6139,1598725684
1522,false,2.30048266783677,216308,0,2640,1598455104
1522,false,2.300272726315457,216295,1141,2640,1598451118
1522,false,2.299465615910119,216437,0,2640,1598510988
1522,false,2.289168410279339,215753,0,2640,1598215842
1522,false,2.28190700362821,216889,0,2640,1598700755
1522,false,2.28070785988968,216705,0,2640,1598623097
1522,false,2.280199993737148,216976,0,6139,1598736512
1522,false,2.278875844994019,216583,0,2640,1598571743
1522,false,2.278756984745698,215494,0,2640,1598110840
1522,false,2.277632388360042,216803,0,2640,1598666060
1522,false,2.271167761789902,216878,0,2640,1598696218
1522,false,2.271096925779991,216790,0,2640,1598659782
1522,false,2.264176366331195,216645,0,2640,1598598863
1522,false,2.259328975674334,216119,0,2640,1598367428
1522,false,2.257126817222152,216825,0,2640,1598673682
1522,false,2.249827490911088,216766,0,2640,1598649822
1522,false,2.249626692755265,215417,0,2640,1598077029
1522,false,2.244633737836644,216262,0,2640,1598428370
1522,false,2.241884777350926,216954,0,6139,1598727273
1522,false,2.237980268482504,216158,468,2640,1598385121
1522,false,2.236987175767423,216415,0,2640,1598503254
1522,false,2.236170445084417,216967,0,6139,1598732994
1522,false,2.229005816128703,216260,0,2640,1598426265
1522,false,2.22705909938933,216294,0,2640,1598440524
1522,false,2.222866678877424,215855,0,2640,1598257005
1522,false,2.219681959050957,215720,0,2640,1598203197
1522,false,2.216386412521476,215887,0,2640,1598271073
1522,false,2.216041659621952,215627,0,2640,1598165215
1522,false,2.207918657224292,216662,0,2640,1598604739
1522,false,2.205518592183509,216450,0,2640,1598517555
1522,false,2.200261204427717,216366,1519,2640,1598480881
1522,false,2.195322942104576,215547,0,2640,1598131829
1522,false,2.194624534519249,216392,0,2640,1598489996
1522,false,2.190421439290883,216131,0,2640,1598372159
1522,false,2.18551262084766,216802,0,2640,1598664704
1522,false,2.185177404995549,216395,0,2640,1598490998
1522,false,2.179414699035584,216951,0,6139,1598726451
1522,false,2.179342223404609,215888,0,2640,1598271174
1522,false,2.17363184079602,216111,0,2640,1598364120
1522,false,2.171881369244689,215826,580,2640,1598247261
1522,false,2.171061131595424,215819,0,2640,1598242597
1522,false,2.171039554760485,216443,0,2640,1598513433
1522,false,2.170658434714636,215610,0,2640,1598156750
1522,false,2.169839120343545,216156,0,2640,1598383012
1522,false,2.167779196464603,216394,0,2640,1598490866
1522,false,2.165565736906977,216106,0,2640,1598361927
1522,false,2.161152350770509,216604,0,2640,1598581328
1522,false,2.156352413166796,215555,14127,2640,1598136618
1522,false,2.154728829998849,216816,0,2640,1598671255
1522,false,2.153376531202355,215799,0,2640,1598234527
1522,false,2.151976462398287,216686,0,2640,1598615173
1522,false,2.150902896752723,216379,0,2640,1598484643
1522,false,2.14930160406411,215842,0,2640,1598252420
1522,false,2.145621341295722,216447,0,2640,1598514757
1522,false,2.140435566471572,216719,0,2640,1598628972
1522,false,2.140135001420552,216376,0,2640,1598483820
1522,false,2.139792599945146,216844,0,2640,1598681941
1522,false,2.138200824806849,216393,0,2640,1598490592
1522,false,2.136472107033879,215889,0,2640,1598271378
1522,false,2.133919006482998,216711,0,2640,1598625194
1522,false,2.133432731842139,216273,0,2640,1598431857
1522,false,2.133057757091477,215582,0,2640,1598146084
1522,false,2.130990820497312,216868,0,2640,1598691607
1522,false,2.129239146679836,216153,0,2640,1598381812
1522,false,2.128775746866199,216870,0,2640,1598693404
1522,false,2.126820624659241,215853,0,2640,1598256830
1522,false,2.122563594317807,215779,0,2640,1598226349
1522,false,2.11967332416916,215426,0,2640,1598080895
1522,false,2.116804589236226,216387,0,2640,1598487987
1522,false,2.113009833951314,216125,0,2640,1598369424
1522,false,2.11283952607399,215766,0,2640,1598221401
1522,false,2.109228659890701,215619,0,2640,1598161808
1522,false,2.105853395200576,215625,0,2640,1598163809
1522,false,2.101504579153947,215609,0,2640,1598156510
1522,false,2.091684965784904,215807,0,2640,1598238060
1522,false,2.09103091796688,216040,0,2640,1598335010
1522,false,2.089497513072312,215805,0,2640,1598237225
1522,false,2.082221290224188,216960,0,6139,1598729791
1522,false,2.078068270099726,216836,235,2640,1598679881
1522,false,2.069674460908781,215752,0,2640,1598215745
1522,false,2.067865493293281,216157,0,2640,1598383312
1522,false,2.06270419307931,215732,0,2640,1598207321
1522,false,2.058240657280239,215692,0,2640,1598191104
1522,false,2.054266360310828,216155,0,2640,1598382461
1522,false,2.049467423053108,215861,95,2640,1598261249
1522,false,2.045111984197075,215698,0,2640,1598194643
1522,false,2.036677916798747,215832,0,2640,1598248869
1522,false,2.031154598340612,216196,795,2640,1598401703
1522,false,2.023640793337595,216987,272,2640,1598742237
1522,false,2.023415863135762,216041,0,2640,1598335779
1522,false,2.019661925820916,216331,0,2640,1598464221
1522,false,2.018635453565378,215635,0,2640,1598167342
1522,false,2.01805735612469,216440,0,2640,1598512847
1522,false,2.01736780215112,216614,0,2640,1598584818
1522,false,2.01721877135417,216365,0,2640,1598479072
1522,false,2.016399495400142,215881,0,2640,1598268216
1522,false,2.014044684839731,216029,0,2640,1598329988
1522,false,2.011423695728237,216986,0,2640,1598740422
1522,false,2.010072600012882,216679,0,2640,1598611881
1522,false,2.00917903721281,215860,0,2640,1598259439
1522,false,2.00349736933015,216314,0,2640,1598457472
1522,false,2.003429996881821,215594,0,2640,1598151141
1522,false,2.003019735253575,216112,0,2640,1598364302
1522,false,11.44256455921638,216412,0,2640,1598497853
1522,false,1.999658256313867,215725,0,2640,1598205024
1522,false,1.998073117859941,215897,0,2640,1598274876
1522,false,1.997257142857143,215932,0,2640,1598289914
1522,false,1.996934590374736,216337,0,2640,1598466597
1522,false,1.996393179941937,216574,0,2640,1598568233
1522,false,1.98257476062985,215499,0,2640,1598111939
1522,false,1.979951237639467,216710,0,2640,1598625122
1522,false,1.979401060150717,216668,0,2640,1598608011
1522,false,1.979341276672858,216036,0,2640,1598333583
1522,false,1.977513646609395,215691,0,2640,1598191060
1522,false,1.977286921575312,216487,0,2640,1598531581
1522,false,1.97645206722983,216385,0,2640,1598487500
1522,false,1.972543613575892,216692,0,2640,1598617777
1522,false,1.970396695109411,216877,0,2640,1598695253
1522,false,1.970260446574329,216154,0,2640,1598382220
1522,false,1.969988006024042,216706,0,2640,1598624414
1522,false,1.967338606787446,215885,0,2640,1598269958
1522,false,1.966647860949729,215806,0,2640,1598237307
1522,false,1.963907377051637,216747,0,2640,1598641325
1522,false,1.960822447355351,216180,0,2640,1598393353
1522,false,1.960282847861591,216205,0,2640,1598405561
1522,false,1.959872481936935,216796,0,2640,1598662566
1522,false,1.959304115928857,216047,0,2640,1598337493
1522,false,1.958712662366774,215722,0,2640,1598203377
1522,false,1.958671683767249,216267,0,2640,1598429790
1522,false,1.958016259288141,215554,0,2640,1598134367
1522,false,1.957320351233498,215843,0,2640,1598253199
1522,false,1.956882007793488,216748,0,2640,1598641420
1522,false,1.956309534826101,216188,0,2640,1598397360
1522,false,1.954553317387129,216831,0,2640,1598676292
1522,false,1.954390108612021,216325,0,2640,1598462887
1522,false,1.954349310676977,215626,0,2640,1598163828
1522,false,1.952515164877072,216446,0,2640,1598514717
1522,false,1.950806398799778,216431,0,2640,1598508767
1522,false,1.947397823645127,216628,0,2640,1598590694
1522,false,1.946842452364967,215690,0,2640,1598190882
1522,false,1.946235377620446,216080,0,2640,1598351143
1522,false,1.945640233945908,215431,0,2640,1598082692
1522,false,1.934104397663787,216934,0,2640,1598719482
1522,false,1.933431084178819,216530,180,2640,1598551525
1522,false,1.933368341554365,215825,0,2640,1598245444
1522,false,1.930429710973124,216553,0,2640,1598560547
1522,false,1.929196558149667,215953,0,2640,1598299305
1522,false,1.917231533463421,215737,0,2640,1598209718
1522,false,1.916480238627889,216952,0,6139,1598726586
1522,false,1.911717088624211,216953,0,2640,1598726674
1522,false,1.910095657800395,216268,0,2640,1598430541
1522,false,1.907016400311944,215730,0,2640,1598206815
1522,false,1.903570992871957,216661,0,2640,1598604589
1522,false,1.895609163484901,216832,0,2640,1598676682
1522,false,1.890490861257269,215701,0,2640,1598195190
1522,false,1.888301090883945,216587,0,2640,1598574108
1522,false,1.887479875233649,215546,0,2640,1598130917
1522,false,1.884505559916838,216851,0,2640,1598684756
1522,false,1.882270155383864,215576,0,2640,1598143098
1522,false,1.881918819188192,216898,0,2640,1598705665
1522,false,1.879452353366295,216123,0,2640,1598369027
1522,false,1.877535467901263,216659,0,2640,1598604290
1522,false,1.876567743708981,215647,0,2640,1598173869
1522,false,1.871492825016063,215493,0,2640,1598109206
1522,false,1.869842845893108,215706,0,2640,1598198119
1522,false,1.864735206747021,215461,0,2640,1598096724
1522,false,1.859866501685757,216462,0,2640,1598521602
1522,false,1.858869446579663,216071,0,2640,1598348287
1522,false,1.857862926088041,216066,0,2640,1598346695
1522,false,1.857362706503533,216275,0,2640,1598433657
1522,false,1.84987594102753,216485,0,2640,1598531465
1522,false,1.849844611359037,215715,0,2640,1598201401
1522,false,1.848435873786818,216053,0,2640,1598340731
1522,false,1.846696179239568,216632,0,2640,1598592412
1522,false,1.844321117596402,216433,0,2640,1598510057
1522,false,1.836645470112298,215601,0,2640,1598154241
1522,false,1.836218345652308,216815,0,2640,1598670413
1522,false,1.834953576668496,216056,196,2640,1598343052
1522,false,1.830300288223071,215771,536,2640,1598225245
1522,false,1.827044779115346,216811,0,2640,1598669523
1522,false,1.826566105889829,216977,0,6139,1598736702
1522,false,1.823897270624776,216656,0,2640,1598602809
1522,false,1.821808325804434,216852,0,2640,1598684845
1522,false,1.82129189860683,215731,0,2640,1598206939
1522,false,1.821160307125409,216124,0,2640,1598369303
1522,false,1.820295313645757,215550,0,2640,1598133404
1522,false,1.819825223469039,216386,0,2640,1598487618
1522,false,1.819375579529491,216210,0,2640,1598406622
1522,false,1.818295322124188,215979,325,2640,1598311479
1522,false,1.816289652955229,216259,0,2640,1598426123
1522,false,1.814554647070713,216906,0,2640,1598707786
1522,false,1.809204623568938,215519,0,2640,1598119574
1522,false,1.808740243538932,215581,0,2640,1598145622
1522,false,1.805735037624646,215795,0,2640,1598233559
1522,false,1.798179184090086,216968,0,2640,1598734125
1522,false,1.796606638137352,215801,0,2640,1598236239
1522,false,1.796069940802456,216725,0,2640,1598632975
1522,false,1.79527779071392,216687,0,2640,1598615920
1522,false,1.79474680199042,216824,0,2640,1598673420
1522,false,1.792930052883708,216330,0,2640,1598464017
1522,false,1.792253395942099,216694,869,2640,1598619849
1522,false,1.791743788976955,216016,0,2640,1598325589
1522,false,1.791552761071624,216657,0,2640,1598603340
1522,false,1.790480822033829,215456,0,2640,1598093015
1522,false,1.789879336432313,216105,0,2640,1598361656
1522,false,1.788994958001545,216978,0,6139,1598737037
1522,false,1.788048030514273,215767,0,2640,1598223055
1522,false,1.77918407571204,216400,0,2640,1598494476
1522,false,1.779155094760676,216471,137,2640,1598526734
1522,false,1.777364938164461,216217,0,2640,1598409556
1522,false,1.776892667928355,215454,0,2640,1598092555
1522,false,1.774871492099946,216425,0,2640,1598507111
1522,false,1.774491832220017,215804,0,2640,1598237086
1522,false,1.77309473820913,215751,0,2640,1598215589
1522,false,1.772097475501331,215443,0,2640,1598088056
1522,false,1.768215029625393,216173,33,2640,1598392533
1522,false,1.76770469472804,216828,0,2640,1598675196
1522,false,1.767375756464332,216704,0,2640,1598622379
1522,false,1.762427893342656,216903,0,2640,1598707497
1522,false,1.762423153671143,216829,0,2640,1598675964
1522,false,1.758564060730635,215840,0,2640,1598251693
1522,false,1.757696207013083,216345,0,2640,1598470023
1522,false,1.753088335214779,216639,0,2640,1598595502
1522,false,1.752460156166435,216293,0,2640,1598440119
1522,false,1.751158353774871,215831,0,2640,1598247671
1522,false,1.748504559692214,216342,0,2640,1598469603
1522,false,1.743183934033781,216439,0,2640,1598512216
1522,false,1.737826463966652,216667,0,2640,1598607526
1522,false,1.737338122821203,216028,0,2640,1598329987
1522,false,1.732181277059138,215741,0,2640,1598211633
1522,false,1.730351852731968,216985,0,2640,1598740146
1522,false,1.727023095491583,215498,0,2640,1598111516
1522,false,1.726431646109832,215721,0,2640,1598203272
1522,false,1.725449825440874,216575,0,2640,1598569902
1522,false,1.724573494698782,216087,0,2640,1598354271
1522,false,1.723253869334048,216910,0,2640,1598710293
1522,false,1.723204026199748,215585,0,2640,1598147508
1522,false,1.722655941960413,216023,0,2640,1598329196
1522,false,1.720011023188064,215940,0,2640,1598294173
1522,false,1.718360379777703,215869,0,2640,1598264205
1522,false,1.713069095224528,216752,0,2640,1598644153
1522,false,1.709962583560772,216319,0,2640,1598460050
1522,false,1.708923640175547,215634,0,2640,1598167335
1522,false,1.706974018362961,216079,0,2640,1598351108
1522,false,1.705943143037872,216320,0,2640,1598460368
1522,false,1.705352728408233,215455,0,2640,1598092736
1522,false,1.705082073417267,216886,0,2640,1598699924
1522,false,1.705015532070995,215608,0,2640,1598156186
1522,false,1.704470088871203,216464,2823,2640,1598523666
1522,false,1.701385823991526,215989,0,2640,1598314993
1522,false,1.700891258194956,216867,0,2640,1598691570
1522,false,1.700586713444586,216384,0,2640,1598487022
1522,false,1.699356404578292,216046,0,2640,1598337423
1522,false,1.699184567717178,216132,0,2640,1598372555
1522,false,1.695566456580459,216442,0,2640,1598513130
1522,false,1.692501187991984,215956,0,2640,1598300009
1522,false,1.692007404710821,216300,0,2640,1598452559
1522,false,1.690370805992324,216216,0,2640,1598408992
1522,false,1.690039507751978,216633,0,2640,1598592427
1522,false,1.68855462197865,216503,0,2640,1598540422
1522,false,1.686829167846388,215640,0,2640,1598170527
1522,false,1.68575309061164,215583,0,2640,1598146293
1522,false,1.683449356520845,216416,0,2640,1598503991
1522,false,1.682062364768962,215898,0,2640,1598274895
1522,false,1.67953192994326,216746,0,2640,1598640978
1522,false,1.67920056370508,216195,0,2640,1598399889
1522,false,1.677781902433404,215530,0,2640,1598125865
1522,false,1.67160227420552,215584,0,2640,1598146844
1522,false,1.671568164833175,215841,0,2640,1598251865
1522,false,1.671444530026576,216528,0,2640,1598549639
1522,false,1.667417239773759,216419,0,2640,1598504989
1522,false,1.665324107367474,216352,0,2640,1598472745
1522,false,1.665188701058799,216333,0,2640,1598465780
1522,false,1.663443087326003,215433,0,2640,1598083030
1522,false,1.658731785841743,215988,0,2640,1598313698
1522,false,1.656660389044074,215726,0,2640,1598205035
1522,false,1.652516409171485,216658,0,2640,1598603659
1522,false,1.65122150329564,216669,0,2640,1598608255
1522,false,1.650826357803735,215689,0,2640,1598190215
1522,false,1.649210311748186,216073,0,2640,1598349165
1522,false,1.648799535060419,216979,0,2640,1598737384
1522,false,1.64619442351168,216422,0,2640,1598505262
1522,false,1.640918423556512,216377,0,2640,1598484315
1522,false,1.638125185909149,216146,0,2640,1598379345
1522,false,1.635210866972408,216840,0,2640,1598681438
1522,false,1.634248522480736,216324,0,2640,1598461623
1522,false,1.631579471501198,216964,0,6139,1598732009
1522,false,1.629745497590259,216795,0,2640,1598662150
1522,false,1.628239210912072,215817,0,2640,1598242208
1522,false,1.627830726469295,216145,0,2640,1598378765
1522,false,1.626142344215638,216172,0,2640,1598390721
1522,false,1.625420399416649,216720,0,2640,1598629512
1522,false,1.624928714884332,215954,0,2640,1598299678
1522,false,1.62257517424083,216605,0,2640,1598581953
1522,false,1.622478764306705,215466,0,2640,1598098375
1522,false,1.62046080579197,215575,0,2640,1598143095
1522,false,1.618855648023951,216037,0,2640,1598334046
1522,false,1.611360540537883,216943,0,2640,1598724004
1522,false,1.600632095195295,216646,0,2640,1598598983
1522,false,1.60040147402507,216887,0,2640,1598699938
1522,false,1.596502724785684,216653,0,2640,1598601863
1522,false,1.595802966364803,215742,0,2640,1598212483
1522,false,1.592692594653841,215453,0,2640,1598092148
1522,false,1.589305201891597,215628,0,2640,1598165779
1522,false,1.587534216709867,216676,0,2640,1598611468
1522,false,1.584950288161787,215549,0,2640,1598131980
1522,false,1.584103610310754,216693,0,2640,1598618034
1522,false,1.582412965475943,215727,0,2640,1598205315
1522,false,1.580752615291101,216272,0,2640,1598431512
1522,false,1.579799966733441,215668,0,2640,1598182030
1522,false,1.575190183754161,216768,0,2640,1598651217
1522,false,1.57213316892725,216093,0,2640,1598357939
1522,false,1.568641061606292,216303,0,2640,1598453694
1522,false,1.567601702152088,216781,0,2640,1598656214
1522,false,1.566919551167867,216209,0,2640,1598405994
1522,false,1.565250413793598,215504,0,2640,1598113613
1522,false,1.563775108451329,216359,0,2640,1598477299
1522,false,1.563167121849992,215839,0,2640,1598251315
1522,false,1.563088826663741,215593,0,2640,1598150409
1522,false,1.559124691910204,216011,0,2640,1598324405
1522,false,1.558965209634255,215937,0,2640,1598292975
1522,false,1.555309792269373,216703,0,2640,1598622203
1522,false,1.553948953363748,215818,0,2640,1598242321
1522,false,1.553543743866187,216211,0,2640,1598406868
1522,false,1.552649347880166,216015,0,2640,1598324955
1522,false,1.552402925960318,216797,0,2640,1598663232
1522,false,1.552189668648303,215600,0,2640,1598153199
1522,false,1.550643469125549,216552,0,2640,1598558843
1522,false,1.548983180644978,215427,0,2640,1598081094
1522,false,1.548306159912491,215854,0,2640,1598256997
1522,false,1.547878295456156,216486,0,2640,1598531572
1522,false,1.54759318383617,215744,0,2640,1598212860
1522,false,1.547271645512239,216372,0,2640,1598482290
1522,false,1.547015971786168,216546,0,2640,1598557027
1522,false,1.546318777385309,216879,0,2640,1598696853
1522,false,1.544634965529432,216421,0,2640,1598505019
1522,false,1.544423836939385,216608,0,2640,1598582583
1522,false,1.541811354845995,216304,0,2640,1598454495
1522,false,1.540397986094462,215993,1446,2640,1598316960
1522,false,1.53989125479931,215941,0,2640,1598294287
1522,false,1.539572908591162,215465,0,2640,1598097751
1522,false,1.53839111543039,215798,0,2640,1598234379
1522,false,1.535752198702221,215570,0,2640,1598142134
1522,false,1.535003993563453,216139,0,2640,1598376786
1522,false,1.533262209245196,216179,0,2640,1598393264
1522,false,1.532269189313045,216927,0,2640,1598716341
1522,false,1.529654786079406,216885,0,2640,1598699489
1522,false,1.528231532848758,216420,0,2640,1598504990
1522,false,1.526526409943444,216542,0,2640,1598555991
1522,false,1.525776508140501,216104,0,2640,1598361554
1522,false,1.525453318125742,215875,0,2640,1598266121
1522,false,1.524775419321965,215830,0,2640,1598247651
1522,false,1.523701244350204,215620,0,2640,1598162234
1522,false,1.521755283824137,215931,0,2640,1598289871
1522,false,1.5211618719564,215492,0,2640,1598108905
1522,false,1.5195887476001,215870,0,2640,1598264764
1522,false,1.517133292898052,215813,0,2640,1598241078
1522,false,1.512500894322265,216027,0,2640,1598329687
1522,false,1.510499858250185,216782,0,2640,1598656288
1522,false,1.510221388523378,216823,0,2640,1598673325
1522,false,1.5076920245427,215846,0,2640,1598253712
1522,false,1.506437442676762,215793,0,2640,1598232809
1522,false,1.50395524049285,216321,0,2640,1598460717
1522,false,1.502269392994682,216648,0,2640,1598599218
1522,false,1.499639592224345,216595,0,2640,1598578379
1522,false,1.498895298040812,216022,0,2640,1598327813
1522,false,1.497080538752536,216350,0,2640,1598472576
1522,false,1.494697228874444,215500,0,2640,1598112497
1522,false,1.492814399901595,216617,0,2640,1598586962
1522,false,1.486762403865787,216010,0,2640,1598322955
1522,false,1.485330281155446,216670,0,2640,1598609329
1522,false,1.482766110530388,215669,0,2640,1598182040
1522,false,1.48116422875947,215844,0,2640,1598253536
1522,false,1.479432201438459,216266,0,2640,1598429564
1522,false,1.479258553674051,216164,0,2640,1598388811
1522,false,1.478644434917985,216194,0,2640,1598399807
1522,false,1.474459353654256,216364,0,2640,1598478477
1522,false,1.473766351756443,215586,0,2640,1598148166
1522,false,1.471132930615323,216767,0,2640,1598650106
1522,false,1.470400161545451,216810,0,2640,1598668189
1522,false,1.468591174335117,215713,0,2640,1598199837
1522,false,1.468374000134436,216054,0,2640,1598341159
1522,false,1.466635633863651,216935,0,2640,1598719744
1522,false,1.465386163409508,216737,0,2640,1598638112
1522,false,1.46308628938456,215622,0,2640,1598162511
1522,false,1.461979824299182,215592,0,2640,1598150037
1522,false,1.461598335336847,216000,0,2640,1598318626
1522,false,1.461070448409398,216021,0,2640,1598327314
1522,false,1.460826185423614,216850,0,2640,1598684387
1522,false,1.46075129447061,216463,0,2640,1598521798
1522,false,1.45889125600219,215938,0,2640,1598293043
1522,false,1.458521115005842,215416,0,2640,1598076027
1522,false,1.458384794611086,215902,535,2640,1598279168
1522,false,1.456595520527028,216866,0,2640,1598691239
1522,false,1.455424501589008,216148,0,2640,1598380154
1522,false,1.453852092428921,216904,0,2640,1598707758
1522,false,1.449918250584636,215529,0,2640,1598124010
1522,false,1.448661863951563,215942,0,2640,1598295412
1522,false,1.448376916140667,215607,0,2640,1598155841
1522,false,1.447912915334598,216534,0,2640,1598552773
1522,false,1.44783934252386,216470,0,2640,1598524933
1522,false,1.444275239831011,216457,0,2640,1598520032
1522,false,1.442774459578759,216830,0,2640,1598676166
1522,false,1.439529228802446,216660,0,2640,1598604348
1522,false,1.438792849835121,215678,0,2640,1598186353
1522,false,1.435725881185386,216083,0,2640,1598353490
1522,false,1.434619569143475,215521,0,2640,1598121065
1522,false,1.43437465117348,215782,0,2640,1598228505
1522,false,1.432675091981086,215432,0,2640,1598083019
1522,false,1.43145465149043,216682,0,2640,1598613993
1522,false,1.429755762329148,215794,0,2640,1598232889
1522,false,1.429418962512514,215874,0,2640,1598265871
1522,false,1.426944616215369,216527,0,2640,1598548982
1522,false,1.425275007285681,215707,0,2640,1598198229
1522,false,1.420702124061862,215699,0,2640,1598195013
1522,false,1.419200734558464,216880,0,2640,1598698616
1522,false,1.417950975916362,216323,0,2640,1598461430
1522,false,1.417647313316605,215978,0,2640,1598309653
1522,false,1.417490931821574,215797,0,2640,1598234002
1522,false,1.4160054967849,216135,0,2640,1598375390
1522,false,1.413001293661061,215712,0,2640,1598199813
1522,false,1.412623619385934,216603,0,2640,1598580548
1522,false,1.410723088414785,216490,0,2640,1598534488
1522,false,1.409612509813622,215452,0,2640,1598091660
1522,false,1.403568514318391,216212,0,2640,1598408234
1522,false,1.402544204700615,215930,0,2640,1598289786
1522,false,1.401524386331849,215703,0,2640,1598197128
1522,false,1.400051272191245,216370,0,2640,1598481843
1522,false,1.395822861378294,215679,1165,2640,1598188188
1522,false,1.395225554545474,215745,0,2640,1598213109
1522,false,1.393736003623905,216270,0,2640,1598431380
1522,false,1.392548426304472,216426,0,2640,1598507205
1522,false,1.390132151114694,215939,0,2640,1598293177
1522,false,1.389121463076522,216434,0,2640,1598510255
1522,false,1.388941873625046,216427,0,2640,1598508657
1522,false,1.386717055551206,215631,0,2640,1598166259
1522,false,1.385960422883415,216307,0,2640,1598454956
1522,false,1.385717185557332,216038,0,2640,1598334247
1522,false,1.385321740895053,216519,0,2640,1598546457
1522,false,1.385014328827572,215955,0,2640,1598299834
1522,false,1.383885395241977,215590,0,2640,1598149564
1522,false,1.383330378175739,215595,0,2640,1598151428
1522,false,1.38105363423521,216299,0,2640,1598451777
1522,false,1.380370036481283,215949,0,2640,1598298226
1522,false,1.379745209788222,216072,0,2640,1598348393
1522,false,1.376146788990826,216871,0,2640,1598693775
1522,false,1.368094291726511,216401,0,2640,1598494513
1522,false,1.361508784832375,216435,0,2640,1598510371
1522,false,1.36120054003531,216441,0,2640,1598513080
1522,false,1.360474313223599,216302,0,2640,1598452835
1522,false,1.359607812221222,215667,0,2640,1598181501
1522,false,1.358770585783861,216895,0,2640,1598704406
1522,false,1.358365028862796,215644,0,2640,1598171984
1522,false,1.357405612308304,216899,0,2640,1598706161
1522,false,1.357321271016888,216219,0,2640,1598410771
1522,false,1.356082662379182,216787,0,2640,1598659436
1522,false,1.355415145655164,216914,0,2640,1598711883
1522,false,1.353139879170297,216201,0,2640,1598403290
1522,false,1.352882888462253,216494,0,2640,1598536528
1522,false,1.352860546057331,216039,0,2640,1598334435
1522,false,1.351000340146572,215734,0,2640,1598209150
1522,false,1.347250917388757,215652,0,2640,1598175867
1522,false,1.346866047096639,216580,0,2640,1598570991
1522,false,1.344845630559916,216116,0,2640,1598367135
1522,false,1.344812514236113,216230,0,2640,1598415458
1522,false,1.339263818725783,216911,0,2640,1598710446
1522,false,1.33527166925768,215984,0,2640,1598312769
1522,false,1.334409793205678,216322,0,2640,1598461302
1522,false,1.334292968264859,215778,0,2640,1598226257
1522,false,1.33208529736388,215716,0,2640,1598202267
1522,false,1.331795642984881,215787,0,2640,1598230563
1522,false,1.330489703855141,216965,0,6139,1598732556
1522,false,1.326235522915431,216178,0,2640,1598392983
1522,false,1.325546116504854,215719,0,2640,1598202489
1522,false,1.325270018584316,215868,0,2640,1598263563
1522,false,1.32362119005734,216078,0,2640,1598350893
1522,false,1.319984772892526,216042,0,2640,1598336821
1522,false,1.317469156526232,216677,0,2640,1598611763
1522,false,1.316550751539843,216765,0,2640,1598649035
1522,false,1.315868732380792,216498,0,2640,1598537472
1522,false,1.313124026953757,215642,0,2640,1598171501
1522,false,1.311717893085034,215537,0,2640,1598127628
1522,false,1.310147117916239,216373,0,2640,1598482300
1522,false,1.307264508870688,216571,0,2640,1598567329
1522,false,1.303743226145289,216588,0,2640,1598574112
1522,false,1.303652454829193,215824,0,2640,1598245416
1522,false,1.302028490254902,215596,0,2640,1598152544
1522,false,1.301221899682711,216640,0,2640,1598595527
1522,false,1.300344059906901,215536,0,2640,1598127018
1522,false,1.29274378877393,216103,0,2640,1598361161
1522,false,1.291783127875393,215517,0,2640,1598119402
1522,false,1.290328296849343,216557,0,2640,1598561465
1522,false,1.288894483134333,216311,0,2640,1598456623
1522,false,1.288147120219202,216702,0,2640,1598622047
1522,false,1.284390544094763,216884,0,2640,1598699371
1522,false,1.282452696898122,216478,0,2640,1598529241
1522,false,1.279915473042385,216599,0,2640,1598579634
1522,false,1.279800496805137,215666,0,2640,1598181418
1522,false,1.278926353669436,216301,0,2640,1598452648
1522,false,1.273409476879073,216144,0,2640,1598378581
1522,false,1.273350095013076,216336,0,2640,1598466511
1522,false,1.270412673304178,216902,0,2640,1598706885
1522,false,1.269868643632636,216971,0,6139,1598734224
1522,false,1.268133820191454,216086,0,2640,1598354229
1522,false,1.267030525894519,216202,0,2640,1598403604
1522,false,1.265885134469511,216610,0,2640,1598584361
1522,false,1.265555117836535,216092,0,2640,1598356975
1522,false,1.263247375583578,215948,0,2640,1598297408
1522,false,1.261790477510729,216334,0,2640,1598466314
1522,false,1.26050905062232,215796,0,2640,1598234001
1522,false,1.260494503909293,216905,0,2640,1598707784
1522,false,1.259782126030115,216451,0,2640,1598517588
1522,false,1.257225184022775,216189,0,2640,1598398701
1522,false,1.255789354677377,216310,0,2640,1598456420
1522,false,1.255351550153722,215802,0,2640,1598236279
1522,false,1.254462448436588,216896,0,2640,1598704583
1522,false,1.253975178811293,215551,0,2640,1598133724
1522,false,1.252886791875688,215786,0,2640,1598229820
1522,false,1.252025095905485,216378,0,2640,1598484374
1522,false,1.251288807423531,215671,0,2640,1598184366
1522,false,1.250567702588724,216062,0,2640,1598344934
1522,false,1.249632937605113,215708,0,2640,1598198613
1522,false,1.249275616488494,216809,0,2640,1598668137
1522,false,1.248899459162789,215524,0,2640,1598122581
1522,false,1.248143069363501,215641,0,2640,1598170711
1522,false,1.247646444012496,215569,0,2640,1598140916
1522,false,1.245952815965535,216017,0,2640,1598326465
1522,false,1.242897457877848,216343,0,2640,1598469835
1522,false,1.24271126660409,216581,0,2640,1598571292
1522,false,1.241583528154685,216149,0,2640,1598380965
1522,false,1.241129714957758,216292,0,2640,1598439774
1522,false,1.238839855350537,216957,0,6139,1598729165
1522,false,1.236357805174837,216857,10,2640,1598689377
1522,false,1.233778825354451,216772,276,2640,1598653933
1522,false,1.233281958346742,215591,0,2640,1598149775
1522,false,1.231497471610822,216798,0,2640,1598664019
1522,false,1.231094939051079,215548,0,2640,1598131841
1522,false,1.229556639155567,216458,0,2640,1598520158
1522,false,1.228952535259602,216312,0,2640,1598456804
1522,false,1.228908749282738,215711,0,2640,1598199705
1522,false,1.227585121746998,216074,0,2640,1598350210
1522,false,1.225922551849406,216001,0,2640,1598319301
1522,false,1.224509243377168,215838,0,2640,1598251010
1522,false,1.22209106522481,216218,0,2640,1598409806
1522,false,1.221243885394829,215789,0,2640,1598231876
1522,false,1.22115058528023,216291,0,2640,1598439692
1522,false,1.219916270948551,216736,0,2640,1598637084
1522,false,1.219709659408152,216009,0,2640,1598322801
1522,false,1.217819353543913,216664,0,2640,1598606875
1522,false,1.217217682020802,216613,0,2640,1598584726
1522,false,1.216505944701744,216477,0,2640,1598528416
1522,false,1.215330578818921,215574,0,2640,1598143016
1522,false,1.214112494604253,216837,0,2640,1598680135
1522,false,1.211974944935448,216678,0,2640,1598611846
1522,false,1.211334251360868,215845,0,2640,1598253609
1522,false,1.209976699617076,216894,0,2640,1598703818
1522,false,1.209021307997417,215538,0,2640,1598129257
1522,false,1.209007925380404,216891,0,2640,1598702965
1522,false,1.208791614175334,216326,0,2640,1598463658
1522,false,1.207028336203483,216452,0,2640,1598517663
1522,false,1.205711468195416,216753,0,2640,1598644857
1522,false,1.203104002819818,216203,0,2640,1598403985
1522,false,1.201687698722674,216070,0,2640,1598347707
1522,false,1.200569370504849,215873,0,2640,1598265779
1522,false,1.199659515266896,216559,0,2640,1598562821
1522,false,1.199292886592844,216147,0,2640,1598379687
1522,false,1.197780446213654,216846,0,2640,1598683152
1522,false,1.197027842062099,215821,0,2640,1598244868
1522,false,1.195822149396113,216688,0,2640,1598616778
1522,false,1.192838057240209,216582,0,2640,1598571348
1522,false,1.191315855489669,216801,0,2640,1598664440
1522,false,1.190796335396278,216526,0,2640,1598548925
1522,false,1.18758324499171,215862,0,2640,1598261809
1522,false,1.187320751435347,215444,0,2640,1598088154
1522,false,1.187243316491332,216538,0,2640,1598554159
1522,false,1.184798565261095,216647,0,2640,1598599047
1522,false,1.182581486874942,216499,0,2640,1598538210
1522,false,1.182357462193789,215522,0,2640,1598121527
1522,false,1.181881957882549,215684,0,2640,1598189200
1522,false,1.181692289383432,215420,0,2640,1598077317
1522,false,1.18146434153667,216351,0,2640,1598472601
1522,false,1.180800172971415,216764,0,2640,1598649004
1522,false,1.180687423656627,215814,0,2640,1598241108
1522,false,1.179448600805196,216547,0,2640,1598557442
1522,false,1.177029471086581,215645,0,2640,1598172089
1522,false,1.176970282555481,215501,0,2640,1598113110
1522,false,1.175009861225661,215415,0,2640,1598075540
1522,false,1.174706569824551,215983,0,2640,1598311990
1522,false,1.172459938492145,216654,0,2640,1598602297
1522,false,1.171301112052418,215428,0,2640,1598081155
1522,false,1.170522863909637,216579,0,2640,1598570711
1522,false,1.170146663381293,215903,0,2640,1598279300
1522,false,1.168954870333144,216417,0,2640,1598504031
1522,false,1.168333847363382,215872,0,2640,1598265485
1522,false,1.168315101901108,215768,0,2640,1598223303
1522,false,1.168285943488724,216371,0,2640,1598481896
1522,false,1.168177653555602,216483,0,2640,1598530758
1522,false,1.167253840974911,215915,0,2640,1598284016
1522,false,1.166215259117424,216177,0,2640,1598392944
1522,false,1.165808639098306,215962,0,2640,1598304309
1522,false,1.165300762642095,216363,0,2640,1598478411
1522,false,1.163771518274773,216263,0,2640,1598428943
1522,false,1.163290193287051,216252,0,2640,1598424388
1522,false,1.162481308237147,215999,0,2640,1598317579
1522,false,1.161216588555279,216529,0,2640,1598549718
1522,false,1.158025869380831,216726,0,2640,1598633834
1522,false,1.156425852695327,215803,0,2640,1598236339
1522,false,1.156389122690001,216926,0,2640,1598716161
1522,false,1.15593019441005,216946,0,6139,1598724462
1522,false,1.15522517504213,215748,0,2640,1598215406
1522,false,1.152257658421142,215788,0,2640,1598230649
1522,false,1.151787832719668,216897,0,2640,1598704586
1522,false,1.151300186569131,215621,0,2640,1598162413
1522,false,1.151219289400737,216316,0,2640,1598459231
1522,false,1.149928496854739,216453,0,2640,1598517928
1522,false,1.148962804005722,216915,0,2640,1598712239
1522,false,1.146271883412072,216282,0,2640,1598437470
1522,false,1.143671370957187,215545,0,2640,1598130769
1522,false,1.138220842806205,216973,0,6139,1598735659
1522,false,1.138137820006287,215535,0,2640,1598126722
1522,false,1.135741320984916,216873,0,2640,1598693849
1522,false,1.135168841966691,216171,0,2640,1598390393
1522,false,1.135119686839644,216847,0,2640,1598683512
1522,false,1.130642862811537,216991,0,2640,1598743310
1522,false,1.12958854950385,215462,0,2640,1598097015
1522,false,1.129000859649697,216997,0,6139,1598745095
1522,false,1.127988433535861,215503,0,2640,1598113393
1522,false,1.126658139582861,216683,0,2640,1598614180
1522,false,1.124325121851212,216944,0,2640,1598724047
1522,false,1.121341331955362,216600,0,2640,1598580339
1522,false,1.120777523908552,216854,0,2640,1598686776
1522,false,1.118060424909025,216269,0,2640,1598430778
1522,false,1.116770558905025,216958,0,6139,1598729303
1522,false,1.114555980353474,215629,0,2640,1598165842
1522,false,1.11357496049345,216627,0,2640,1598590532
1522,false,1.113272291776377,216675,0,2640,1598611098
1522,false,1.111537019856205,216969,0,6139,1598734165
1522,false,1.111452188985031,216959,0,6139,1598729656
1522,false,1.111156324867623,216360,0,2640,1598477599
1522,false,1.110662940447722,216606,0,2640,1598582068
1522,false,1.110521785104249,215871,0,2640,1598264898
1522,false,1.108658140479091,216251,0,2640,1598423657
1522,false,1.106970867587467,216271,0,2640,1598431491
1522,false,1.105820257594446,216936,0,6139,1598719914
1522,false,1.105189932121928,216276,0,2640,1598433840
1522,false,1.104487723981717,215418,0,2640,1598077133
1522,false,1.1043332462696,216589,0,2640,1598574112
1522,false,1.104089519952288,216817,0,2640,1598671580
1522,false,1.102486587969295,215578,0,2640,1598145118
1522,false,1.100827279217234,216624,0,2640,1598589929
1522,false,1.097716628811481,216992,0,6139,1598744142
1522,false,1.097095505147736,215934,0,2640,1598292205
1522,false,1.095608038638427,215518,0,2640,1598119534
1522,false,1.093728356161412,215777,0,2640,1598226248
1522,false,1.093664472718049,216329,0,2640,1598463958
1522,false,1.093436378470641,215783,0,2640,1598228877
1522,false,1.092182648736661,215833,0,2640,1598249490
1522,false,1.091822369571918,215643,0,2640,1598171620
1522,false,1.090280227056451,216655,0,2640,1598602684
1522,false,1.089941141348909,216204,0,2640,1598404010
1522,false,1.086313297827374,216848,0,2640,1598683703
1522,false,1.085785954285487,215506,0,2640,1598115226
1522,false,1.085597099110948,216607,0,2640,1598582331
1522,false,1.084766916222922,216099,0,2640,1598360451
1522,false,1.083522228449836,215603,0,2640,1598155645
1522,false,1.082714890861149,216758,0,2640,1598647960
1522,false,1.082654076039371,216671,0,2640,1598609731
1522,false,1.081200134624141,216509,0,2640,1598542225
1522,false,1.077389211476369,215542,0,2640,1598130220
1522,false,1.076697110242546,216822,0,2640,1598673192
1522,false,1.076361115992754,216548,0,2640,1598558111
1522,false,1.075959966113048,215502,0,2640,1598113291
1522,false,1.075312043133902,216159,0,2640,1598386263
1522,false,1.074180493793569,215568,0,2640,1598140838
1522,false,1.071498642948236,216152,0,2640,1598381515
1522,false,1.070478256395346,215785,0,2640,1598229500
1522,false,1.069840409554531,216402,0,2640,1598494620
1522,false,1.068749969422351,216804,0,2640,1598666970
1522,false,1.067934902169113,216290,0,2640,1598439401
1522,false,1.066985560242719,215911,0,2640,1598282973
1522,false,1.065743190610857,215602,0,2640,1598154323
1522,false,1.065119627878553,216518,0,2640,1598545631
1522,false,1.061338515729382,216567,0,2640,1598566248
1522,false,1.054537964814943,216618,0,2640,1598587348
1522,false,1.053737645293916,216843,0,2640,1598681658
1522,false,1.051524457751293,216573,0,2640,1598567465
1522,false,1.043001220694188,216763,0,2640,1598648657
1522,false,1.042936486464981,216558,0,2640,1598561833
1522,false,1.042768878754947,216226,0,2640,1598413757
1522,false,1.042725740934324,216381,0,2640,1598486558
1522,false,1.04227798214601,216229,0,2640,1598414613
1522,false,1.039742979533555,215998,0,2640,1598317508
1522,false,1.03973143246069,215743,0,2640,1598212548
1522,false,1.037441942193897,216501,0,2640,1598538753
1522,false,1.035540358184617,215467,0,2640,1598100357
1522,false,1.034453366333977,215958,0,2640,1598302644
1522,false,1.033730515516605,216623,0,2640,1598589293
1522,false,1.03270752638695,215916,0,2640,1598284391
1522,false,1.032302474785104,216067,0,2640,1598347111
1522,false,1.032055370514728,216982,0,6139,1598739679
1522,false,1.031387805592015,216287,0,2640,1598438406
1522,false,1.031285554448762,215952,0,2640,1598298848
1522,false,1.028522731552977,216476,0,2640,1598528110
1522,false,1.026890153230469,216626,0,2640,1598590318
1522,false,1.025928830737006,215683,0,2640,1598188728
1522,false,1.02558043455127,216065,0,2640,1598345577
1522,false,1.025386270291414,215648,0,2640,1598174712
1522,false,1.024770566168733,216469,0,2640,1598524705
1522,false,1.023248914842457,216008,0,2640,1598322233
1522,false,1.023041258839507,215700,0,2640,1598195053
1522,false,1.02219074966894,216900,0,2640,1598706539
1522,false,1.021402142707966,215653,0,2640,1598176269
1522,false,1.017139345063766,216138,0,2640,1598376166
1522,false,1.01679373679262,216925,0,2640,1598716055
1522,false,1.015777212552951,216974,0,6139,1598735777
1522,false,1.014747006159554,216742,0,2640,1598640362
1522,false,1.013725159595778,216912,0,2640,1598710607
1522,false,1.013687527165465,216055,0,2640,1598341246
1522,false,1.012943293105154,216317,0,2640,1598459373
1522,false,1.011459659682834,216502,0,2640,1598538937
1522,false,1.010678165280232,216484,0,2640,1598531063
1522,false,1.010192096038771,215587,0,2640,1598148500
1522,false,1.0100223935689,216491,0,2640,1598535098
1522,false,1.009084610054662,215926,0,2640,1598288974
1522,false,1.009016249572744,216950,0,6139,1598725799
1522,false,1.00762619351466,215510,0,2640,1598116567
1522,false,1.006221422451781,216596,0,2640,1598578647
1522,false,1.005656289130595,216707,0,2640,1598624492
1522,false,1.004440166571385,215688,0,2640,1598190140
1522,false,1.004052366689393,215776,0,2640,1598226230
1522,false,1.004007758137312,216788,0,2640,1598659496
1522,false,1.000833837300933,215512,0,2640,1598118002
1522,false,0.9994982300790478,216151,0,2640,1598381377
1522,false,0.9969498976960699,215589,0,2640,1598149067
1522,false,0.9962360867463432,216288,0,2640,1598438656
1522,false,0.9961164605832149,216872,0,2640,1598693845
1522,false,0.9955747170963581,215709,0,2640,1598198705
1522,false,0.9945578933310671,216136,0,2640,1598375468
1522,false,0.9943768056128766,216970,0,6139,1598734185
1522,false,0.993440729326625,216117,0,2640,1598367156
1522,false,0.9934241641503256,216862,0,2640,1598690556
1522,false,0.9905023018768684,215815,0,2640,1598241492
1522,false,0.9887329553512427,216163,0,2640,1598387157
1522,false,0.9885688943595684,215478,0,2640,1598104090
1522,false,0.9874651369884686,215534,0,2640,1598126458
1522,false,0.9869149251775875,216698,0,2640,1598621364
1522,false,0.9863222753665504,216800,0,2640,1598664323
1522,false,0.9836589682050081,216084,0,2640,1598353989
1522,false,0.9835246305123002,216566,0,2640,1598565284
1522,false,0.9825528833395554,216344,0,2640,1598469921
1522,false,0.9815933461047064,216920,0,2640,1598715523
1522,false,0.9808294133581976,216428,0,2640,1598508686
1522,false,0.9806356811628467,216691,0,2640,1598617358
1522,false,0.9802455138454912,216812,0,2640,1598669861
1522,false,0.9800285626696376,215419,0,2640,1598077256
1522,false,0.9799611514599604,216140,0,2640,1598377460
1522,false,0.9798717726356585,216841,0,2640,1598681485
1522,false,0.9781445477788574,215918,0,2640,1598285236
1522,false,0.9770479094141589,216792,0,2640,1598661541
1522,false,0.976515062336931,216150,0,2640,1598381041
1522,false,0.9756457037199144,215718,0,2640,1598202380
1522,false,0.974528572639443,216289,0,2640,1598439005
1522,false,0.9713061908079026,215451,0,2640,1598091561
1522,false,0.9702090238988087,216948,0,6139,1598725694
1522,false,0.9694741747228119,216520,0,2640,1598546813
1522,false,0.9672748633992696,215967,0,2640,1598306396
1522,false,0.965681362725451,216220,0,2640,1598411202
1522,false,0.9655774974105402,216500,0,2640,1598538279
1522,false,0.9641583494185773,216738,0,2640,1598638959
1522,false,0.9633320838753776,215735,0,2640,1598209350
1522,false,0.9582317126664679,216481,0,2640,1598530413
1522,false,0.9570157056594406,216482,0,2640,1598530502
1522,false,0.955885034167402,216689,0,2640,1598616893
1522,false,0.9553499451149379,215867,0,2640,1598263323
1522,false,0.9547834600356069,216258,0,2640,1598426007
1522,false,0.9539787325409592,216459,0,2640,1598520177
1522,false,0.9520122489773151,216277,0,2640,1598434604
1522,false,0.9519126857780308,215919,0,2640,1598286516
1522,false,0.9502012480861133,216493,0,2640,1598535346
1522,false,0.9481926682360159,216193,0,2640,1598399768
1522,false,0.9478114356374785,216672,0,2640,1598610439
1522,false,0.9476360071316713,216779,0,2640,1598655930
1522,false,0.9442022366362282,216916,0,6139,1598713339
1522,false,0.9438812986631409,216975,0,6139,1598735902
1522,false,0.9423435574529764,215472,0,2640,1598101767
1522,false,0.9367857250065397,216745,0,2640,1598640622
1522,false,0.9356101488752977,216996,0,6139,1598745072
1522,false,0.9350534836039259,215977,0,2640,1598309318
1522,false,0.934151146182859,216855,0,2640,1598687462
1522,false,0.9337970852593003,216799,0,2640,1598664027
1522,false,0.9317750431871015,216255,0,2640,1598425522
1522,false,0.9317114573425858,215588,0,2640,1598148859
1522,false,0.9302434516737569,216429,0,2640,1598508690
1522,false,0.9286089781829672,216305,0,2640,1598454506
1522,false,0.9280041008619456,216572,0,2640,1598567416
1522,false,0.9277702510437149,215495,0,2640,1598111004
1522,false,0.9277032708494357,216296,0,2640,1598451432
1522,false,0.9268937074192513,216362,0,2640,1598478326
1522,false,0.9239885965975901,216197,0,2640,1598402319
1522,false,0.9229644714660536,216966,0,6139,1598732633
1522,false,0.9221086578454162,215509,0,2640,1598116291
1522,false,0.9208609034230706,216007,0,2640,1598322057
1522,false,0.9204095390578916,216510,0,2640,1598543220
1522,false,0.9198165840677409,216754,0,2640,1598645295
1522,false,0.9188081221320106,215525,0,2640,1598123457
1522,false,0.9163273638407589,215676,0,2640,1598185967
1522,false,0.9162440912846712,216465,0,2640,1598523825
1522,false,0.9159572371593376,216335,0,2640,1598466403
1522,false,0.912634419832722,215491,0,2640,1598108824
1522,false,0.9120082830141153,216256,0,2640,1598425735
1522,false,0.9105877448937056,216227,0,2640,1598413969
1522,false,0.9104852726037503,216684,0,2640,1598614314
1522,false,0.9074594873030445,216250,0,2640,1598422986
1522,false,0.9070374814710241,215834,0,2640,1598250142
1522,false,0.9067739270845008,216064,0,2640,1598345517
1522,false,0.9065707183260501,216063,0,2640,1598345348
1522,false,0.9063650935685212,216892,0,2640,1598703448
1522,false,0.9057650525477795,216945,0,2640,1598724181
1522,false,0.9044125562023366,216190,0,2640,1598399268
1522,false,0.9042715394900425,215523,0,2640,1598121888
1522,false,0.9011158243556338,215997,0,2640,1598317503
1522,false,0.8993400585425299,216286,0,2640,1598437926
1522,false,0.8993042690708493,216755,0,2640,1598645919
1522,false,0.8972100034089463,216665,0,2640,1598607159
1522,false,0.8968072921441952,215445,0,2640,1598088280
1522,false,0.8928486278591661,216762,0,2640,1598648451
1522,false,0.8924279459926874,215480,0,2640,1598105325
1522,false,0.8902022736256437,215511,0,2640,1598117314
1522,false,0.889755088242362,215950,0,2640,1598298453
1522,false,0.889506309407308,216917,0,2640,1598713425
1522,false,0.8888861761821637,216522,0,2640,1598548272
1522,false,0.8863519250614367,216924,0,2640,1598716000
1522,false,0.8854094892226878,216225,0,2640,1598413179
1522,false,0.8817652796932287,216789,0,2640,1598659633
1522,false,0.8800069825838246,216075,0,2640,1598350600
1522,false,0.8796762372649297,216818,0,2640,1598672456
1522,false,0.8795251221954106,215685,0,2640,1598190051
1522,false,0.8780556430164865,216770,0,2640,1598651627
1522,false,0.8780521137026238,215658,0,2640,1598179727
1522,false,0.8767212351555382,215477,0,2640,1598103542
1522,false,0.8763519368400784,215552,0,2640,1598133800
1522,false,0.8763214689733928,216949,0,6139,1598725734
1522,false,0.8761562762790064,215704,0,2640,1598197139
1522,false,0.8748031075633393,216602,0,2640,1598580450
1522,false,0.8746816791325657,216842,0,2640,1598681609
1522,false,0.8727259652454379,215951,0,2640,1598298572
1522,false,0.8713022668350728,216690,0,2640,1598617195
1522,false,0.8698751234430251,216709,0,2640,1598624651
1522,false,0.8679638113325996,215630,0,2640,1598166212
1522,false,0.8673618620188548,216838,0,2640,1598680194
1522,false,0.8673492346256773,215543,0,2640,1598130520
1522,false,0.8652079086617168,216430,0,2640,1598508717
1522,false,0.8624876124747807,215579,0,2640,1598145241
1522,false,0.8603555112114687,216769,0,2640,1598651473
1522,false,0.8594077843054972,216495,0,2640,1598536594
1522,false,0.8586387297361391,216221,0,2640,1598412967
1522,false,0.8585633621988444,215507,0,2640,1598115357
1522,false,0.8582485365182886,215987,0,2640,1598313206
1522,false,0.8572639499154312,215473,0,2640,1598103014
1522,false,0.8571921871055588,216228,0,2640,1598414208
1522,false,0.856904135525139,216861,0,2640,1598690050
1522,false,0.8550080627906127,216508,0,2640,1598541880
1522,false,0.85300487840434,215654,0,2640,1598177627
1522,false,0.8526763642041167,216118,0,2640,1598367186
1522,false,0.8526464109746594,216521,0,2640,1598546953
1522,false,0.8501665047240121,216206,0,2640,1598405772
1522,false,0.850028665039288,216367,0,2640,1598481020
1522,false,0.8500220498586215,215904,0,2640,1598279491
1522,false,0.8500132297778953,216601,0,2640,1598580405
1522,false,0.8485977774727622,216306,0,2640,1598454599
1522,false,0.8477963891519319,216479,0,2640,1598529588
1522,false,0.8476110779864274,216089,0,2640,1598356466
1522,false,0.8455779890378721,216468,0,2640,1598524646
1522,false,0.8448236743996576,215866,0,2640,1598263266
1522,false,0.8440804887127498,216813,0,2640,1598669916
1522,false,0.8438685452780188,216231,0,2640,1598415868
1522,false,0.8403560693878808,216541,0,2640,1598554825
1522,false,0.8402203150361421,216757,0,2640,1598646208
1522,false,0.8401179895624618,215906,0,2640,1598280749
1522,false,0.8371463827765131,216264,0,2640,1598429078
1522,false,0.8352025080926772,216248,0,2640,1598422754
1522,false,0.8332962470834314,216045,0,2640,1598337262
1522,false,0.8326874452053924,216727,0,2640,1598634470
1522,false,0.8322919365408354,216881,0,2640,1598698932
1522,false,0.8318999714385453,216237,1,2640,1598419439
1522,false,0.8300381740300072,215448,0,2640,1598091126
1522,false,0.8299982269054434,216019,0,2640,1598327042
1522,false,0.8289997482704663,215863,0,2640,1598262333
1522,false,0.82776939924669,216535,0,2640,1598552836
1522,false,0.8257085331404769,216247,0,2640,1598422117
1522,false,0.8253092312225936,216318,0,2640,1598459522
1522,false,0.8252406400950975,216551,0,2640,1598558744
1522,false,0.824902008665027,215822,0,2640,1598245074
1522,false,0.8224526369687659,216611,0,2640,1598584398
1522,false,0.8223195094315474,216674,0,2640,1598610617
1522,false,0.821986363567949,215947,0,2640,1598297091
1522,false,0.8192161725660397,215717,0,2640,1598202318
1522,false,0.8186021994274094,216771,0,2640,1598652109
1522,false,0.8181259815389532,215736,0,2640,1598209601
1522,false,0.8160528370397212,215597,0,2640,1598153024
1522,false,0.8156140907648366,216068,0,2640,1598347358
1522,false,0.8155816098076379,215749,0,2640,1598215538
1522,false,0.8145283975659229,215528,0,2640,1598123943
1522,false,0.8144241368297173,215917,0,2640,1598284501
1522,false,0.8138153017393929,215463,0,2640,1598097147
1522,false,0.8119459569960417,216480,0,2640,1598529594
1522,false,0.8115739221428969,216213,0,2640,1598408330
1522,false,0.8113046610867163,216418,0,2640,1598504068
1522,false,0.811038589769293,216778,0,2640,1598655400
1522,false,0.8105641110634241,216020,0,2640,1598327172
1522,false,0.8073308374879428,215769,0,2640,1598223306
1522,false,0.8055891550625442,216257,0,2640,1598425759
1522,false,0.8054059966399939,216543,0,2640,1598556118
1522,false,0.8048224257287735,216744,0,2640,1598640554
1522,false,0.8035858801371375,216278,0,2640,1598435577
1522,false,0.8003414594828282,216708,0,2640,1598624630
1522,false,0.8003267985828959,216361,0,2640,1598477831
1522,false,0.7995446859284527,216780,0,2640,1598656009
1522,false,0.797980179260917,216002,231,2640,1598321106
1522,false,0.7960648027238815,216018,0,2640,1598326534
1522,false,0.7952523911571476,215943,0,2640,1598295983
1522,false,0.7931186803744426,216214,0,2640,1598408438
1522,false,0.7924272323630982,215508,0,2640,1598116255
1522,false,0.7908283937983897,216570,0,2640,1598566933
1522,false,0.7893614766064262,215705,0,2640,1598197164
1522,false,0.7881491993433594,215784,0,2640,1598229422
1522,false,0.7875619648490311,215571,0,2640,1598142586
1522,false,0.7861118441570903,216777,0,2640,1598655386
1522,false,0.7845393023843243,216919,0,2640,1598714342
1522,false,0.7835478270850371,216865,0,2640,1598691166
1522,false,0.7825513790027618,216531,0,2640,1598551572
1522,false,0.7815518697139259,215963,0,2640,1598305049
1522,false,0.7810079274658327,216918,0,2640,1598713583
1522,false,0.7807455414050679,216024,0,2640,1598329363
1522,false,0.7805902398526843,216699,0,2640,1598621885
1522,false,0.7804173419724845,216061,0,2640,1598344446
1522,false,0.7795030021600327,215665,0,2640,1598181048
1522,false,0.7791841839937603,216060,0,2640,1598344176
1522,false,0.7784724193761055,216242,0,2640,1598420295
1522,false,0.7783531479743934,216565,0,2640,1598564920
1522,false,0.7771154413970647,215827,0,2640,1598247353
1522,false,0.7764194074640994,216793,0,2640,1598661688
1522,false,0.7753492532227837,216540,0,2640,1598554635
1522,false,0.7747644437088441,216043,0,2640,1598336982
1522,false,0.7744000718448529,216735,0,2640,1598636928
1522,false,0.7742042949525212,215672,0,2640,1598184662
1522,false,0.7740195870005812,216137,0,2640,1598375772
1522,false,0.773276161123684,216057,0,2640,1598343229
1522,false,0.7714265535060563,216492,0,2640,1598535116
1522,false,0.7708920751094848,216169,0,2640,1598390045
1522,false,0.7689446561661066,216160,0,2640,1598386676
1522,false,0.7679849813145334,215775,0,2640,1598226083
1522,false,0.7679795814813035,216536,0,2640,1598553364
1522,false,0.7659116434697953,216200,0,2640,1598402777
1522,false,0.7645035189209809,216612,0,2640,1598584470
1522,false,0.7640890393709601,216983,0,6139,1598739760
1522,false,0.7636687797147385,216253,0,2640,1598424507
1522,false,0.763618059302018,216695,0,2640,1598620345
1522,false,0.7635655663213232,215553,0,2640,1598133862
1522,false,0.7627959056826462,216327,0,2640,1598463708
1522,false,0.7627870272082239,216539,0,2640,1598554550
1522,false,0.7625367392958622,216549,0,2640,1598558631
1522,false,0.76223962482946,216006,0,2640,1598322007
1522,false,0.7599503223135607,215516,0,2640,1598119034
1522,false,0.7589259348042843,216382,0,2640,1598486781
1522,false,0.7579840757995642,215563,0,2640,1598139249
1522,false,0.7570681644374927,216514,0,2640,1598544926
1522,false,0.7484582000913659,216730,0,2640,1598635879
1522,false,0.7484154627990636,215935,0,2640,1598292206
1522,false,0.7472122773812511,215791,0,2640,1598232225
1522,false,0.7464054997220982,216619,0,2640,1598588389
1522,false,0.7449004412456722,215496,0,2640,1598111038
1522,false,0.7424522733529477,216814,0,2640,1598669965
1522,false,0.7419622174973338,216554,0,2640,1598560610
1522,false,0.7406407019558293,215479,0,2640,1598104202
1522,false,0.740613917913737,216901,0,2640,1598706607
1522,false,0.7400870013009541,215675,0,2640,1598185539
1522,false,0.7396810347746587,216496,0,2640,1598537089
1522,false,0.7380782373067662,216085,0,2640,1598354144
1522,false,0.7379028852920478,216215,0,2640,1598408754
1522,false,0.737744226153756,216094,0,2640,1598358438
1522,false,0.7373117905757749,215944,0,2640,1598296452
1522,false,0.7347286095147552,216597,0,2640,1598579039
1522,false,0.7343482470215951,216808,0,2640,1598667989
1522,false,0.733595271677077,216625,0,2640,1598590134
1522,false,0.7319328679013903,215489,0,2640,1598108628
1522,false,0.7314059824958092,216550,0,2640,1598558674
1522,false,0.7288882660500562,215865,0,2640,1598262889
1522,false,0.727623374547005,216561,0,2640,1598564223
1522,false,0.7263387142358397,216012,0,2640,1598324509
1522,false,0.7257989492057022,215677,0,2640,1598186103
1522,false,0.7251051117503872,216511,0,2640,1598543659
1522,false,0.7225046386484582,215985,0,2640,1598313044
1522,false,0.7223803996653472,215687,0,2640,1598190136
1522,false,0.7184169504085663,216207,0,2640,1598405825
1522,false,0.7158868213904164,216622,0,2640,1598589173
1522,false,0.71536715849637,215605,0,2640,1598155742
1522,false,0.7135818465910637,216472,0,2640,1598527208
1522,false,0.7124507937681347,215837,0,2640,1598250807
1522,false,0.7118085160690488,215770,0,2640,1598223421
1522,false,0.7105551622182202,216544,0,2640,1598556410
1522,false,0.7101586221394808,215790,0,2640,1598232071
1522,false,0.7101147604398843,215992,0,2640,1598315147
1522,false,0.7099232175819604,216254,0,2640,1598424736
1522,false,0.7095750129116991,216756,0,2640,1598646062
1522,false,0.7091811006239624,216013,0,2640,1598324573
1522,false,0.7079484456677789,215598,0,2640,1598153050
1522,false,0.7077397254356486,215828,0,2640,1598247420
1522,false,0.7077122110728586,215968,0,2640,1598306554
1522,false,0.7072051072866892,216243,0,2640,1598421331
1522,false,0.7065730103880842,215976,0,2640,1598309305
1522,false,0.7060158127719538,216141,0,2640,1598378040
1522,false,0.704738799830953,216143,0,2640,1598378123
1522,false,0.703578928382783,216794,0,2640,1598661978
1522,false,0.7034520512655374,215924,0,2640,1598287970
1522,false,0.7002388088407353,215990,0,2640,1598315091
1522,false,0.6985869430811804,216598,0,2640,1598579165
1522,false,0.6962904881205096,216044,0,2640,1598337091
1522,false,0.6962128189846671,216234,0,2640,1598417404
1522,false,0.6958749750468269,216839,0,2640,1598680560
1522,false,0.6941583085564663,216988,0,2640,1598742572
1522,false,0.6930271119693243,216805,0,2640,1598667435
1522,false,0.6930095235275333,215959,0,2640,1598303165
1522,false,0.6924749679835331,216297,0,2640,1598451684
1522,false,0.69190909263674,216819,0,2640,1598673003
1522,false,0.6898232258906599,215488,0,2640,1598108282
1522,false,0.6879289386779084,215572,0,2640,1598142811
1522,false,0.6865646623748736,215907,0,2640,1598281667
1522,false,0.6849916433841629,216734,0,2640,1598636868
1522,false,0.684268557789291,216265,0,2640,1598429108
1522,false,0.6823229068298925,215497,0,2640,1598111203
1522,false,0.681098945639917,215544,0,2640,1598130558
1522,false,0.6806278372475362,216232,0,2640,1598416197
1522,false,0.6777636436970619,216576,0,2640,1598570196
1522,false,0.6771123922881408,215929,0,2640,1598289286
1522,false,0.6760004621167424,216569,0,2640,1598566422
1522,false,0.6757112057632644,216532,0,2640,1598551632
1522,false,0.6736663133948938,216069,0,2640,1598347559
1522,false,0.6703161486509293,215651,0,2640,1598175191
1522,false,0.6698310780769455,215471,0,2640,1598101278
1522,false,0.6685171130588062,215564,0,2640,1598139951
1522,false,0.6679250244350385,215606,0,2640,1598155778
1522,false,0.667690931486668,215649,0,2640,1598174967
1522,false,0.6671403717906563,216466,0,2640,1598524096
1522,false,0.6662437515821193,216241,0,2640,1598420018
1522,false,0.6655603615058614,215513,0,2640,1598118497
1522,false,0.665448176071891,215928,0,2640,1598289279
1522,false,0.6647509073314818,216100,0,2640,1598360780
1522,false,0.6639266038687769,216014,0,2640,1598324741
1522,false,0.6638263992925668,215772,0,2640,1598225776
1522,false,0.6633003176068355,216666,0,2640,1598607206
1522,false,0.6620419197245759,216504,0,2640,1598541164
1522,false,0.6596754922023709,215580,0,2640,1598145342
1522,false,0.6586452019453325,215599,0,2640,1598153131
1522,false,0.6560106026768957,216893,0,2640,1598703485
1522,false,0.6525694017790196,216249,0,2640,1598422913
1522,false,0.6508500229413833,215792,0,2640,1598232387
1522,false,0.6501571944876273,216984,0,6139,1598739800
1522,false,0.6497298369107223,215905,0,2640,1598280384
1522,false,0.6490091803083871,215961,0,2640,1598303329
1522,false,0.6484447122591523,216856,0,2640,1598687573
1522,false,0.6474984339894441,215464,0,2640,1598097394
1522,false,0.6473960916183765,216170,0,2640,1598390145
1522,false,0.6471959778747559,215686,0,2640,1598190083
1522,false,0.6469008282818113,216168,0,2640,1598389802
1522,false,0.6465587408013245,216191,0,2640,1598399512
1522,false,0.6453261489286906,216863,0,2640,1598690634
1522,false,0.6434892069377239,216864,0,2640,1598691156
1522,false,0.643298446895853,215969,0,2640,1598307458
1522,false,0.642942495717641,216025,0,2640,1598329490
1522,false,0.6428472635708113,215556,0,2640,1598136859
1522,false,0.6414422491538463,216233,0,2640,1598416763
1522,false,0.6403135176646803,215663,0,2640,1598180716
1522,false,0.6394856402370006,216077,0,2640,1598350875
1522,false,0.6388174055445082,215986,0,2640,1598313118
1522,false,0.6383314453358996,215490,0,2640,1598108679
1522,false,0.6382835738036383,216621,0,2640,1598588525
1522,false,0.6363467762216917,216198,0,2640,1598402569
1522,false,0.6361608442927534,216090,0,2640,1598356522
1522,false,0.6355358973289746,216098,0,2640,1598359529
1522,false,0.6347436811356134,215980,0,2640,1598311518
1522,false,0.6329077249799364,216545,0,2640,1598556537
1522,false,0.6301399894423787,216523,0,2640,1598548449
1522,false,0.6292687001834947,215604,0,2640,1598155723
1522,false,0.6292427195652383,216560,0,2640,1598562881
1522,false,0.6287301923846272,215823,0,2640,1598245254
1522,false,0.6285293937115412,216673,0,2640,1598610563
1522,false,0.6284938301441119,216743,0,2640,1598640531
1522,false,0.6283269159968092,216475,0,2640,1598527829
1522,false,0.6279361897634951,216368,0,2640,1598481256
1522,false,0.627502685809161,216820,0,2640,1598673110
1522,false,0.6259975985992784,216026,0,2640,1598329563
1522,false,0.6257232553076915,216555,0,2640,1598561066
1522,false,0.6239657697148809,215946,0,2640,1598296911
1522,false,0.6238897361641847,215674,0,2640,1598185498
1522,false,0.6233900394571128,215975,0,2640,1598309181
1522,false,0.6232679077181176,216620,0,2640,1598588466
1522,false,0.6223422136713015,216383,0,2640,1598486882
1522,false,0.6222996648023473,215526,0,2640,1598123553
1522,false,0.6209205750348903,216328,0,2640,1598463809
1522,false,0.6204126996448969,215515,0,2640,1598119011
1522,false,0.6203598437338781,215750,0,2640,1598215559
1522,false,0.6188367738335019,216279,0,2640,1598435816
1522,false,0.615120503922936,215539,0,2640,1598129367
1522,false,0.6099507553300305,215910,0,2640,1598281887
1522,false,0.6083980938994944,216993,0,6139,1598744353
1522,false,0.6070866141732283,216076,0,2640,1598350747
1522,false,0.6063928715179947,215562,0,2640,1598138981
1522,false,0.6060054039758616,216995,0,6139,1598744962
1522,false,0.6053935311989905,216208,0,2640,1598405846
1522,false,0.6052062420233938,216162,0,2640,1598387081
1522,false,0.6049090536521609,216728,0,2640,1598634769
1522,false,0.60257303790229,215991,0,2640,1598315102
1522,false,0.6022767688519934,215567,0,2640,1598140533
1522,false,0.602220870373876,216568,0,2640,1598566254
1522,false,0.6001813319657118,216497,0,2640,1598537211
1522,false,0.5992889188017696,216174,0,2640,1598392556
1522,false,0.5987950089908337,216739,0,2640,1598639114
1522,false,0.5982773337471871,216537,0,2640,1598553535
1522,false,0.5977567362217688,215662,0,2640,1598180439
1522,false,0.5977109408418024,215835,0,2640,1598250575
1522,false,0.5963245985830523,215912,0,2640,1598283237
1522,false,0.5960013750729826,216882,0,2640,1598698958
1522,false,0.5959509707903545,216058,0,2640,1598343912
1522,false,0.5943727093727411,215927,0,2640,1598289147
1522,false,0.5926558960376564,215836,0,2640,1598250666
1522,false,0.5925578316913328,216507,0,2640,1598541849
1522,false,0.591926817306103,216515,0,2640,1598545218
1522,false,0.5896420579843932,216101,0,2640,1598360976
1522,false,0.5895895409595371,215864,0,2640,1598262619
1522,false,0.5885527896872368,215829,0,2640,1598247482
1522,false,0.588452379669637,215449,0,2640,1598091190
1522,false,0.5845113196389916,216236,0,2640,1598417625
1522,false,0.5809613809390414,216732,0,2640,1598636648
1522,false,0.5798300368504173,215680,0,2640,1598188255
1522,false,0.579665919252763,216821,0,2640,1598673177
1522,false,0.5793343776409727,216696,0,2640,1598620527
1522,false,0.5780945945707536,215481,0,2640,1598105570
1522,false,0.5762093714583149,215482,0,2640,1598105808
1522,false,0.575637958112424,216142,0,2640,1598378066
1522,false,0.5749057394953707,215936,0,2640,1598292413
1522,false,0.5737872850103489,216731,0,2640,1598636001
1522,false,0.5726621647127907,215527,0,2640,1598123621
1522,false,0.5674802267323149,216700,0,2640,1598621891
1522,false,0.5674487793811791,216516,0,2640,1598545445
1522,false,0.5650372682321192,215673,0,2640,1598184786
1522,false,0.5644396557292757,216095,0,2640,1598359180
1522,false,0.5617447817779885,216989,0,6139,1598742712
1522,false,0.5614911408889955,215925,0,2640,1598288107
1522,false,0.5603686367997209,216161,0,2640,1598386687
1522,false,0.5602991682077352,216512,0,2640,1598544001
1522,false,0.5570368884472752,215664,0,2640,1598180798
1522,false,0.5567066007130533,216729,0,2640,1598634916
1522,false,0.5564305576192397,216524,0,2640,1598548492
1522,false,0.5549186102436612,215573,0,2640,1598142832
1522,false,0.5535008602130558,216102,0,2640,1598361028
1522,false,0.5507383515918343,216533,0,2640,1598551798
1522,false,0.5466602715158593,215994,0,2640,1598317124
1522,false,0.5453406184105195,216701,0,2640,1598621959
1522,false,0.5439189553701778,216235,0,2640,1598417441
1522,false,0.5433115516815424,215531,0,2640,1598125998
1522,false,0.5421617972620147,215923,0,2640,1598287557
1522,false,0.538357399980613,215484,0,2640,1598107575
1522,false,0.5380899715005678,216281,0,2640,1598436072
1522,false,0.5372227709989057,216994,0,6140,1598744674
1522,false,0.529866488360078,216806,0,2640,1598667812
1522,false,0.5293366471226331,216517,0,2640,1598545576
1522,false,0.5289504206340302,216741,0,2640,1598639645
1522,false,0.5288893766957791,216776,0,2640,1598654792
1522,false,0.5275312807897635,215974,0,2640,1598309174
1522,false,0.5272443787953389,215468,0,2640,1598100899
1522,false,0.5237047626886627,215920,0,2640,1598286798
1522,false,0.5218078829736241,216759,0,2640,1598648076
1522,false,0.5203230472899693,215960,0,2640,1598303216
1522,false,0.5154772972896442,216298,0,2640,1598451745
1522,false,0.5149835175413436,215945,0,2640,1598296732
1522,false,0.5143796323404175,216097,0,2640,1598359432
1522,false,0.5143198868001824,216525,0,2640,1598548550
1522,false,0.5137215830479325,216003,0,2640,1598321469
1522,false,0.5125744400279693,216807,0,2640,1598667957
1522,false,0.5103125416110879,216369,0,2640,1598481353
1522,false,0.5086671732511,215650,0,2640,1598175142
1522,false,0.5081485203329192,216222,0,2640,1598412980
1522,false,0.5069621721977257,216175,0,2640,1598392624
1522,false,0.5040564487844499,215913,0,2640,1598283316
1522,false,0.503896770939377,215914,0,2640,1598283535
1522,false,0.5017721088669759,216577,0,2640,1598570267
1522,false,0.5012083760343852,215514,0,2640,1598118567
1522,false,0.4996641457904621,216192,0,2640,1598399539
1522,false,0.496885697713651,216473,0,2640,1598527630
1522,false,0.4960162031202814,216740,0,2640,1598639620
1522,false,0.4940165463694099,215966,0,2640,1598305629
1522,false,0.4937500517972321,216246,0,2640,1598422043
1522,false,0.4935905160726659,216921,0,2640,1598715809
1522,false,0.4929166964389806,216091,0,2640,1598356737
1522,false,0.4914278515525701,215981,0,2640,1598311520
1522,false,0.4880397312821292,216858,0,2640,1598689473
1522,false,0.4870169681215124,215566,0,2640,1598140299
1522,false,0.4860201082615631,216773,0,2640,1598654508
1522,false,0.4859163231849596,216283,0,2640,1598437682
1522,false,0.4846152139672116,216245,0,2640,1598421575
1522,false,0.4805760312566915,216467,0,2640,1598524620
1522,false,0.4805266986162356,216165,0,2640,1598389076
1522,false,0.4805027407022885,215483,0,2640,1598106582
1522,false,0.478927133065521,216513,0,2640,1598544148
1522,false,0.4759826152134314,216883,0,2640,1598699138
1522,false,0.4705391581057523,216199,0,2640,1598402748
1522,false,0.4694655750317526,215964,0,2640,1598305477
1522,false,0.4694134534389988,215909,0,2640,1598281780
1522,false,0.4692766473017398,215450,0,2640,1598091498
1522,false,0.466632583892044,216556,0,2640,1598561124
1522,false,0.4658232778719194,216280,0,2640,1598435945
1522,false,0.4650504327981368,215532,0,2640,1598126218
1522,false,0.4633688652323809,215557,0,2640,1598136862
1522,false,0.4595074607295886,215982,0,2640,1598311628
1522,false,0.4578723868052266,216176,0,2640,1598392752
1522,false,0.4498197220569188,215655,0,2640,1598177841
1522,false,0.449245875657571,215540,0,2640,1598129399
1522,false,0.4491750559284116,216505,0,2640,1598541288
1522,false,0.4476018621220979,216563,0,2640,1598564625
1522,false,0.4449131830352536,216578,0,2640,1598570382
1522,false,0.4409582860930094,215681,0,2640,1598188297
1522,false,0.4359870431316822,215541,0,2640,1598129850
1522,false,0.4314164098202448,216990,0,6139,1598742864
1522,false,0.4270087688777166,215970,0,2640,1598308578
1522,false,0.4244712002751436,216096,0,2640,1598359297
1522,false,0.4200961538461538,216697,0,2640,1598620567
1522,false,0.4157621004629941,215476,0,2640,1598103288
1522,false,0.4149476115581288,215469,0,2640,1598101028
1522,false,0.4109310738133413,216733,0,2640,1598636773
1522,false,0.4099142517055523,215565,0,2640,1598140282
1522,false,0.4085896409573473,215656,0,2640,1598178040
1522,false,0.4078113594769859,216562,0,2640,1598564341
1522,false,0.4044883486247026,216059,0,2640,1598343950
1522,false,0.4030492379980074,215773,0,2640,1598225808
1522,false,0.3996014656017132,216760,0,2640,1598648127
1522,false,0.3989774585498126,215908,0,2640,1598281755
1522,false,0.3969604826399826,215995,0,2640,1598317170
1522,false,0.3969499032080651,215682,0,2640,1598188668
1522,false,0.395559067075736,216166,0,2640,1598389087
1522,false,0.3936622391803704,216238,0,2640,1598419452
1522,false,0.3934648865535094,216244,0,2640,1598421334
1522,false,0.3914902615789361,216859,0,2640,1598689521
1522,false,0.3899365605613991,216223,0,2640,1598412984
1522,false,0.3789602604928941,216284,0,2640,1598437704
1522,false,0.3766983326636857,215474,0,2640,1598103097
1522,false,0.3761539031097341,216004,0,2640,1598321604
1522,false,0.3742964272353695,216474,0,2640,1598527745
1522,false,0.3724315944288984,216923,0,2640,1598715987
1522,false,0.3667138943353657,215922,0,2640,1598287493
1522,false,0.3651627951293797,215558,0,2640,1598138326
1522,false,0.3619938245350449,215921,0,2640,1598286934
1522,false,0.361006952420457,215533,0,2640,1598126290
1522,false,0.3606225588436306,215657,0,2640,1598178105
1522,false,0.3604182798915913,215475,0,2640,1598103132
1522,false,0.3603530783835991,216285,0,2640,1598437771
1522,false,0.3590101214175682,215559,0,2640,1598138460
1522,false,0.3573260982999816,216224,0,2640,1598412994
1522,false,0.3487510736328542,216922,0,2640,1598715923
1522,false,0.3475920229129097,216167,0,2640,1598389640
1522,false,0.347186352214952,215965,0,2640,1598305504
1522,false,0.3447700796282891,215487,0,2640,1598107946
1522,false,0.3434363231796853,216564,0,2640,1598564863
1522,false,0.3431216504604275,216774,0,2640,1598654741
1522,false,0.3414369580303722,216761,0,2640,1598648333
1522,false,0.3337864632488549,216506,0,2640,1598541390
1522,false,0.32788287774449,215996,0,2640,1598317288
1522,false,0.3228905689939324,215659,0,2640,1598179804
1522,false,0.319604506796625,216860,0,2640,1598689539
1522,false,0.3188070627427477,215485,0,2640,1598107642
1522,false,0.3123875350056605,215971,0,2640,1598308971
1522,false,0.307549715492462,215560,0,2640,1598138472
1522,false,0.3012571573570459,215470,0,2640,1598101099
1522,false,0.2994139190122699,216239,0,2640,1598419559
1522,false,0.2969185441454242,215774,0,2640,1598225929
1522,false,0.2754439424188295,216005,0,2640,1598321625
1522,false,0.2701746704907915,215486,0,2640,1598107768
1522,false,0.2673395401849654,215660,0,2640,1598179893
1522,false,0.2592176835230347,215561,0,2640,1598138480
1522,false,0.252291158664518,216240,0,2640,1598419760
1522,false,0.2520548809263281,216775,0,2640,1598654749
1522,false,0.2291334221872898,215973,0,2640,1598309098
1522,false,0.2284995631190164,215661,0,2640,1598180120
1522,false,0.213462380329475,215972,0,2640,1598309027
